0,Receive,,Ext / Data,0x16F83D33,1,00  ,00:00:00:007,
1,Receive,,Ext / Data,0xEF87310,4,D8  01  01  40  ,00:00:00:010,
2,Receive,,Ext / Data,0xAF87110,3,00  FE  00  ,00:00:00:020,
3,Receive,,Ext / Data,0x1610FF31,0,,00:00:00:021,
4,Receive,,Ext / Data,0x12F85150,5,40  01  00  00  40  ,00:00:00:049,
5,Receive,,Ext / Data,0x12F85450,2,16  36  ,00:00:00:050,
6,Receive,,Ext / Data,0x12F85050,5,00  02  E8  00  00  ,00:00:00:059,
7,Receive,,Ext / Data,0x16F83B31,1,00  ,00:00:00:075,
8,Receive,,Ext / Data,0x1610FFA2,0,,00:00:00:086,
9,Receive,,Ext / Data,0xEF83633,2,00  00  ,00:00:00:093,
10,Receive,,Ext / Data,0xEF83F31,2,80  00  ,00:00:00:110,
11,Receive,,Ext / Data,0x16F86C50,8,06  D3  86  6E  A7  C7  D9  00  ,00:00:00:129,
12,Receive,,Ext / Data,0x12F87811,1,00  ,00:00:00:155,
13,Receive,,Ext / Data,0x12F85050,5,00  02  E5  00  00  ,00:00:00:158,
14,Receive,,Ext / Data,0xAF87010,2,00  00  ,00:00:00:159,
15,Receive,,Ext / Data,0xEF81510,1,02  ,00:00:00:160,
16,Receive,,Ext / Data,0x12F81010,4,28  00  80  00  ,00:00:00:161,
17,Receive,,Ext / Data,0x16F86D50,8,0B  21  62  14  0C  80  00  00  ,00:00:00:168,
18,Receive,,Ext / Data,0xEF82010,1,00  ,00:00:00:169,
19,Receive,,Ext / Data,0x12F81D10,5,00  00  00  00  01  ,00:00:00:170,
20,Receive,,Ext / Data,0x12F81E10,5,00  00  00  00  01  ,00:00:00:171,
21,Receive,,Ext / Data,0x12F83010,1,00  ,00:00:00:172,
22,Receive,,Ext / Data,0x12F83496,1,20  ,00:00:00:175,
23,Receive,,Ext / Data,0x12F85C50,1,00  ,00:00:00:178,
24,Receive,,Ext / Data,0x12F84010,1,00  ,00:00:00:179,
25,Receive,,Ext / Data,0x16F86250,8,00  00  00  00  04  00  00  00  ,00:00:00:180,
26,Receive,,Ext / Data,0x12F81C12,1,00  ,00:00:00:186,
27,Receive,,Ext / Data,0x12F84112,1,00  ,00:00:00:187,
28,Receive,,Ext / Data,0x12F84212,1,00  ,00:00:00:188,
29,Receive,,Ext / Data,0x12F84312,1,00  ,00:00:00:189,
30,Receive,,Ext / Data,0x12F84712,1,00  ,00:00:00:190,
31,Receive,,Ext / Data,0x12F84812,1,00  ,00:00:00:191,
32,Receive,,Ext / Data,0x16F97550,8,FF  E0  00  00  00  00  00  00  ,00:00:00:198,
33,Receive,,Ext / Data,0x1610FF55,0,,00:00:00:210,
34,Receive,,Ext / Data,0xEF95251,8,02  B8  B8  30  20  84  BA  FE  ,00:00:00:233,
35,Receive,,Ext / Data,0x12F85050,5,00  02  E0  00  00  ,00:00:00:257,
36,Receive,,Ext / Data,0xEF81496,1,00  ,00:00:00:288,
37,Receive,,Ext / Data,0xAF81111,2,08  00  ,00:00:00:294,
38,Receive,,Ext / Data,0x12F85351,8,00  21  00  00  00  00  43  D0  ,00:00:00:295,
39,Receive,,Ext / Data,0x16F83D33,1,00  ,00:00:00:304,
40,Receive,,Ext / Data,0xEF87310,4,D8  01  01  00  ,00:00:00:307,
41,Receive,,Ext / Data,0xAF87110,3,00  FE  00  ,00:00:00:317,
42,Receive,,Ext / Data,0x12F85150,5,40  01  00  00  40  ,00:00:00:346,
43,Receive,,Ext / Data,0x12F85450,2,16  36  ,00:00:00:347,
44,Receive,,Ext / Data,0x12F85050,5,00  02  E1  00  00  ,00:00:00:356,
45,Receive,,Ext / Data,0x16F83B31,1,00  ,00:00:00:377,
46,Receive,,Ext / Data,0xEF83633,2,00  00  ,00:00:00:390,
47,Receive,,Ext / Data,0xEF83F31,2,80  00  ,00:00:00:412,
48,Receive,,Ext / Data,0x16F86C50,8,06  D3  86  6E  A7  C7  D9  00  ,00:00:00:426,
49,Receive,,Ext / Data,0x12F87811,1,00  ,00:00:00:452,
50,Receive,,Ext / Data,0x12F85050,5,00  02  E5  00  00  ,00:00:00:455,
51,Receive,,Ext / Data,0xAF87010,2,00  00  ,00:00:00:456,
52,Receive,,Ext / Data,0xEF81510,1,02  ,00:00:00:457,
53,Receive,,Ext / Data,0x12F81010,4,28  00  80  00  ,00:00:00:458,
54,Receive,,Ext / Data,0x16F86D50,8,0B  21  62  14  0C  80  00  00  ,00:00:00:465,
55,Receive,,Ext / Data,0xEF82010,1,00  ,00:00:00:466,
56,Receive,,Ext / Data,0x12F81D10,5,00  00  00  00  01  ,00:00:00:467,
57,Receive,,Ext / Data,0x12F81E10,5,00  00  00  00  01  ,00:00:00:468,
58,Receive,,Ext / Data,0x12F83010,1,00  ,00:00:00:469,
59,Receive,,Ext / Data,0x12F83496,1,20  ,00:00:00:475,
60,Receive,,Ext / Data,0x12F84010,1,00  ,00:00:00:475,
61,Receive,,Ext / Data,0x12F85C50,1,00  ,00:00:00:476,
62,Receive,,Ext / Data,0x16F86250,8,01  35  46  4E  52  4C  35  00  ,00:00:00:477,
63,Receive,,Ext / Data,0x12F81C12,1,00  ,00:00:00:483,
64,Receive,,Ext / Data,0x12F84112,1,00  ,00:00:00:484,
65,Receive,,Ext / Data,0x12F84212,1,00  ,00:00:00:485,
66,Receive,,Ext / Data,0x12F84312,1,00  ,00:00:00:486,
67,Receive,,Ext / Data,0x12F84712,1,00  ,00:00:00:487,
68,Receive,,Ext / Data,0x12F84812,1,00  ,00:00:00:488,
69,Receive,,Ext / Data,0x16F97550,8,FF  E0  00  00  00  00  00  00  ,00:00:00:495,
70,Receive,,Ext / Data,0xEF95251,8,02  B8  B8  30  20  84  BA  FE  ,00:00:00:532,
71,Receive,,Ext / Data,0x12F85050,5,00  02  E1  00  00  ,00:00:00:554,
72,Receive,,Ext / Data,0xEF81496,1,00  ,00:00:00:588,
73,Receive,,Ext / Data,0x12F82296,1,80  ,00:00:00:589,
74,Receive,,Ext / Data,0xAF81111,2,08  00  ,00:00:00:591,
75,Receive,,Ext / Data,0x12F85351,8,00  21  00  00  00  00  43  90  ,00:00:00:593,
76,Receive,,Ext / Data,0x16F83D33,1,00  ,00:00:00:601,
77,Receive,,Ext / Data,0xEF87310,4,D8  01  01  40  ,00:00:00:604,
78,Receive,,Ext / Data,0xAF87110,3,00  FE  00  ,00:00:00:614,
79,Receive,,Ext / Data,0x12F85150,5,40  01  00  00  40  ,00:00:00:644,
80,Receive,,Ext / Data,0x12F85450,2,16  36  ,00:00:00:644,
81,Receive,,Ext / Data,0x12F85050,5,00  02  DF  00  00  ,00:00:00:653,
82,Receive,,Ext / Data,0x16F83B31,1,00  ,00:00:00:679,
83,Receive,,Ext / Data,0x1610FF10,0,,00:00:00:683,
84,Receive,,Ext / Data,0xEF83633,2,00  00  ,00:00:00:687,
85,Receive,,Ext / Data,0x1610FF11,0,,00:00:00:689,
86,Receive,,Ext / Data,0x1610FF96,0,,00:00:00:706,
87,Receive,,Ext / Data,0x1610FF33,0,,00:00:00:706,
88,Receive,,Ext / Data,0x16F83E34,1,00  ,00:00:00:709,
89,Receive,,Ext / Data,0x12F95555,2,5C  28  ,00:00:00:709,
90,Receive,,Ext / Data,0x1610FF34,0,,00:00:00:711,
91,Receive,,Ext / Data,0xEF83F31,2,80  00  ,00:00:00:714,
92,Receive,,Ext / Data,0x16F86C50,8,06  D3  86  6E  A7  C7  D9  00  ,00:00:00:723,
93,Receive,,Ext / Data,0x1610FF12,0,,00:00:00:731,
94,Receive,,Ext / Data,0x12F87811,1,00  ,00:00:00:749,
95,Receive,,Ext / Data,0x12F85050,5,00  02  E0  00  00  ,00:00:00:752,
96,Receive,,Ext / Data,0xAF87010,2,00  00  ,00:00:00:753,
97,Receive,,Ext / Data,0x12F85250,4,78  00  BF  24  ,00:00:00:754,
98,Receive,,Ext / Data,0xEF81510,1,02  ,00:00:00:755,
99,Receive,,Ext / Data,0x12F81010,4,28  00  80  00  ,00:00:00:756,
100,Receive,,Ext / Data,0x16F86D50,8,0B  21  62  14  0C  80  00  00  ,00:00:00:763,
101,Receive,,Ext / Data,0xEF82010,1,00  ,00:00:00:763,
102,Receive,,Ext / Data,0x12F81D10,5,00  00  00  00  01  ,00:00:00:764,
103,Receive,,Ext / Data,0x12F81E10,5,00  00  00  00  01  ,00:00:00:765,
104,Receive,,Ext / Data,0x12F83010,1,00  ,00:00:00:766,
105,Receive,,Ext / Data,0x12F85C50,1,00  ,00:00:00:772,
106,Receive,,Ext / Data,0x12F84010,1,00  ,00:00:00:773,
107,Receive,,Ext / Data,0x16F86250,8,02  48  36  36  43  42  30  00  ,00:00:00:774,
108,Receive,,Ext / Data,0x12F83496,1,20  ,00:00:00:775,
109,Receive,,Ext / Data,0x12F81C12,1,00  ,00:00:00:781,
110,Receive,,Ext / Data,0x12F84112,1,00  ,00:00:00:781,
111,Receive,,Ext / Data,0x12F84212,1,00  ,00:00:00:782,
112,Receive,,Ext / Data,0x12F84312,1,00  ,00:00:00:783,
113,Receive,,Ext / Data,0x12F84712,1,00  ,00:00:00:784,
114,Receive,,Ext / Data,0x12F84812,1,00  ,00:00:00:785,
115,Receive,,Ext / Data,0x16F97550,8,FF  E0  00  00  00  00  00  00  ,00:00:00:792,
116,Receive,,Ext / Data,0x1610FF51,0,,00:00:00:807,
117,Receive,,Ext / Data,0xEF95251,8,02  B8  B8  30  20  84  BA  FE  ,00:00:00:831,
118,Receive,,Ext / Data,0x12F85050,5,00  02  E2  00  00  ,00:00:00:851,
119,Receive,,Ext / Data,0xAF87110,3,02  FE  00  ,00:00:00:852,
120,Receive,,Ext / Data,0xAF81111,2,08  00  ,00:00:00:887,
121,Receive,,Ext / Data,0xEF81496,1,00  ,00:00:00:888,
122,Receive,,Ext / Data,0x12F85351,8,00  21  00  00  00  00  43  D0  ,00:00:00:892,
123,Receive,,Ext / Data,0x16F83D33,1,00  ,00:00:00:898,
124,Receive,,Ext / Data,0xEF87310,4,D8  01  01  40  ,00:00:00:901,
125,Receive,,Ext / Data,0x12F85150,5,40  01  00  00  40  ,00:00:00:941,
126,Receive,,Ext / Data,0x12F85450,2,16  36  ,00:00:00:941,
127,Receive,,Ext / Data,0x1610FF50,0,,00:00:00:946,
128,Receive,,Ext / Data,0x12F85050,5,00  02  E0  00  00  ,00:00:00:950,
129,Receive,,Ext / Data,0xAF81111,2,28  00  ,00:00:00:976,
130,Receive,,Ext / Data,0x16F83B31,1,00  ,00:00:00:981,
131,Receive,,Ext / Data,0xEF83633,2,00  00  ,00:00:00:984,
132,Receive,,Ext / Data,0x12F8B0A2,1,00  ,00:00:01:001,
133,Receive,,Ext / Data,0x1610FF31,0,,00:00:01:016,
134,Receive,,Ext / Data,0x16F86C50,8,06  D3  86  6E  A7  C7  D9  00  ,00:00:01:020,
135,Receive,,Ext / Data,0xEF83F31,2,80  00  ,00:00:01:021,
136,Receive,,Ext / Data,0x12F87811,1,00  ,00:00:01:046,
137,Receive,,Ext / Data,0x12F85050,5,00  02  DD  00  00  ,00:00:01:050,
138,Receive,,Ext / Data,0xAF87110,3,00  FE  00  ,00:00:01:050,
139,Receive,,Ext / Data,0xAF87010,2,00  00  ,00:00:01:051,
140,Receive,,Ext / Data,0xEF81510,1,02  ,00:00:01:052,
141,Receive,,Ext / Data,0x12F81010,4,28  00  80  00  ,00:00:01:053,
142,Receive,,Ext / Data,0x16F86D50,8,0B  21  62  14  0C  80  00  00  ,00:00:01:060,
143,Receive,,Ext / Data,0xEF82010,1,00  ,00:00:01:060,
144,Receive,,Ext / Data,0x12F81D10,5,00  00  00  00  01  ,00:00:01:061,
145,Receive,,Ext / Data,0x12F81E10,5,00  00  00  00  01  ,00:00:01:062,
146,Receive,,Ext / Data,0x12F83010,1,00  ,00:00:01:063,
147,Receive,,Ext / Data,0x12F85C50,1,00  ,00:00:01:069,
148,Receive,,Ext / Data,0x12F84010,1,00  ,00:00:01:070,
149,Receive,,Ext / Data,0x16F86250,8,03  30  31  37  35  39  00  00  ,00:00:01:071,
150,Receive,,Ext / Data,0x12F83496,1,20  ,00:00:01:074,
151,Receive,,Ext / Data,0x12F81C12,1,00  ,00:00:01:078,
152,Receive,,Ext / Data,0x12F84112,1,00  ,00:00:01:079,
153,Receive,,Ext / Data,0x12F84212,1,00  ,00:00:01:080,
154,Receive,,Ext / Data,0x1610FFA2,0,,00:00:01:080,
155,Receive,,Ext / Data,0x12F84312,1,00  ,00:00:01:081,
156,Receive,,Ext / Data,0x12F84712,1,00  ,00:00:01:082,
157,Receive,,Ext / Data,0x12F84812,1,00  ,00:00:01:082,
158,Receive,,Ext / Data,0x16F97550,8,FF  E0  00  00  00  00  00  00  ,00:00:01:089,
159,Receive,,Ext / Data,0xEF95251,8,02  B8  B8  30  20  84  BA  FE  ,00:00:01:130,
160,Receive,,Ext / Data,0x12F85050,5,00  02  E7  00  00  ,00:00:01:148,
161,Receive,,Ext / Data,0xEF81496,1,00  ,00:00:01:188,
162,Receive,,Ext / Data,0x12F85351,8,00  21  00  00  00  00  43  90  ,00:00:01:192,
163,Receive,,Ext / Data,0x16F83D33,1,00  ,00:00:01:195,
164,Receive,,Ext / Data,0xEF87310,4,D8  01  01  00  ,00:00:01:198,
165,Receive,,Ext / Data,0x1610FF55,0,,00:00:01:205,
166,Receive,,Ext / Data,0x12F85150,5,40  01  00  00  40  ,00:00:01:238,
167,Receive,,Ext / Data,0x12F85450,2,16  36  ,00:00:01:238,
168,Receive,,Ext / Data,0x12F85050,5,00  02  F1  00  00  ,00:00:01:248,
169,Receive,,Ext / Data,0xAF81111,2,28  00  ,00:00:01:273,
170,Receive,,Ext / Data,0xEF83633,2,00  00  ,00:00:01:281,
171,Receive,,Ext / Data,0x16F83B31,1,00  ,00:00:01:283,
172,Receive,,Ext / Data,0x16F86C50,8,06  D3  86  6E  A7  C7  D9  00  ,00:00:01:317,
173,Receive,,Ext / Data,0xEF83F31,2,80  00  ,00:00:01:323,
174,Receive,,Ext / Data,0x12F87811,1,00  ,00:00:01:343,
175,Receive,,Ext / Data,0x12F85050,5,00  02  F8  00  00  ,00:00:01:347,
176,Receive,,Ext / Data,0xAF87010,2,00  00  ,00:00:01:347,
177,Receive,,Ext / Data,0xAF87110,3,00  FE  00  ,00:00:01:348,
178,Receive,,Ext / Data,0xEF81510,1,02  ,00:00:01:349,
179,Receive,,Ext / Data,0x12F81010,4,28  00  80  00  ,00:00:01:350,
180,Receive,,Ext / Data,0x16F86D50,8,0B  21  62  14  0C  80  00  00  ,00:00:01:357,
181,Receive,,Ext / Data,0xEF82010,1,00  ,00:00:01:357,
182,Receive,,Ext / Data,0x12F81D10,5,00  00  00  00  01  ,00:00:01:358,
183,Receive,,Ext / Data,0x12F81E10,5,00  00  00  00  01  ,00:00:01:359,
184,Receive,,Ext / Data,0x12F83010,1,00  ,00:00:01:360,
185,Receive,,Ext / Data,0x12F85C50,1,00  ,00:00:01:366,
186,Receive,,Ext / Data,0x12F84010,1,00  ,00:00:01:367,
187,Receive,,Ext / Data,0x16F86250,8,00  00  00  00  04  00  00  00  ,00:00:01:368,
188,Receive,,Ext / Data,0x12F83496,1,20  ,00:00:01:374,
189,Receive,,Ext / Data,0x12F81C12,1,00  ,00:00:01:375,
190,Receive,,Ext / Data,0x12F84112,1,00  ,00:00:01:376,
191,Receive,,Ext / Data,0x12F84212,1,00  ,00:00:01:377,
192,Receive,,Ext / Data,0x12F84312,1,00  ,00:00:01:378,
193,Receive,,Ext / Data,0x12F84712,1,00  ,00:00:01:379,
194,Receive,,Ext / Data,0x12F84812,1,00  ,00:00:01:380,
195,Receive,,Ext / Data,0x16F97550,8,FF  E0  00  00  00  00  00  00  ,00:00:01:386,
196,Receive,,Ext / Data,0xEF95251,8,02  B8  B8  30  20  84  BA  FE  ,00:00:01:429,
197,Receive,,Ext / Data,0x12F85050,5,00  02  ED  00  00  ,00:00:01:445,
198,Receive,,Ext / Data,0xEF81496,1,00  ,00:00:01:487,
199,Receive,,Ext / Data,0x12F85351,8,00  21  00  00  00  00  43  90  ,00:00:01:491,
200,Receive,,Ext / Data,0x16F83D33,1,00  ,00:00:01:492,
201,Receive,,Ext / Data,0xEF87310,4,D8  01  01  00  ,00:00:01:495,
202,Receive,,Ext / Data,0x12F85150,5,40  01  00  00  40  ,00:00:01:535,
203,Receive,,Ext / Data,0x12F85450,2,16  36  ,00:00:01:535,
204,Receive,,Ext / Data,0x12F85050,5,00  02  E9  00  00  ,00:00:01:545,
205,Receive,,Ext / Data,0xAF81111,2,28  00  ,00:00:01:570,
206,Receive,,Ext / Data,0x12F82296,1,80  ,00:00:01:577,
207,Receive,,Ext / Data,0xEF83633,2,00  00  ,00:00:01:578,
208,Receive,,Ext / Data,0x16F83B31,1,00  ,00:00:01:585,
209,Receive,,Ext / Data,0x16F86C50,8,06  D3  86  6E  A7  C7  D9  00  ,00:00:01:614,
210,Receive,,Ext / Data,0xEF83F31,2,80  00  ,00:00:01:625,
211,Receive,,Ext / Data,0x12F87811,1,00  ,00:00:01:640,
212,Receive,,Ext / Data,0xAF87010,2,00  00  ,00:00:01:643,
213,Receive,,Ext / Data,0x12F85050,5,00  02  EF  00  00  ,00:00:01:644,
214,Receive,,Ext / Data,0xAF87110,3,00  FE  00  ,00:00:01:645,
215,Receive,,Ext / Data,0xEF81510,1,02  ,00:00:01:646,
216,Receive,,Ext / Data,0x12F81010,4,28  00  80  00  ,00:00:01:647,
217,Receive,,Ext / Data,0xEF82010,1,00  ,00:00:01:653,
218,Receive,,Ext / Data,0x16F86D50,8,0B  21  62  14  0C  80  00  00  ,00:00:01:654,
219,Receive,,Ext / Data,0x12F81D10,5,00  00  00  00  01  ,00:00:01:655,
220,Receive,,Ext / Data,0x12F81E10,5,00  00  00  00  01  ,00:00:01:656,
221,Receive,,Ext / Data,0x12F83010,1,00  ,00:00:01:657,
222,Receive,,Ext / Data,0x12F84010,1,00  ,00:00:01:663,
223,Receive,,Ext / Data,0x12F85C50,1,00  ,00:00:01:664,
224,Receive,,Ext / Data,0x16F86250,8,01  35  46  4E  52  4C  35  00  ,00:00:01:665,
225,Receive,,Ext / Data,0x12F81C12,1,00  ,00:00:01:672,
226,Receive,,Ext / Data,0x12F84112,1,00  ,00:00:01:673,
227,Receive,,Ext / Data,0x1610FF10,0,,00:00:01:673,
228,Receive,,Ext / Data,0x12F83496,1,20  ,00:00:01:674,
229,Receive,,Ext / Data,0x12F84212,1,00  ,00:00:01:674,
230,Receive,,Ext / Data,0x12F84312,1,00  ,00:00:01:676,
231,Receive,,Ext / Data,0x12F84712,1,00  ,00:00:01:677,
232,Receive,,Ext / Data,0x12F84812,1,00  ,00:00:01:678,
233,Receive,,Ext / Data,0x1610FF11,0,,00:00:01:679,
234,Receive,,Ext / Data,0x16F97550,8,FF  E0  00  00  00  00  00  00  ,00:00:01:683,
235,Receive,,Ext / Data,0x1610FF33,0,,00:00:01:696,
236,Receive,,Ext / Data,0x1610FF96,0,,00:00:01:696,
237,Receive,,Ext / Data,0x16F83E34,1,00  ,00:00:01:698,
238,Receive,,Ext / Data,0x12F95555,2,5C  28  ,00:00:01:699,
239,Receive,,Ext / Data,0x1610FF34,0,,00:00:01:700,
240,Receive,,Ext / Data,0x1610FF12,0,,00:00:01:721,
241,Receive,,Ext / Data,0xEF95251,8,02  B8  B8  30  20  84  BA  FE  ,00:00:01:728,
242,Receive,,Ext / Data,0x12F85050,5,00  02  EC  00  00  ,00:00:01:743,
243,Receive,,Ext / Data,0x12F85250,4,78  00  BF  24  ,00:00:01:744,
244,Receive,,Ext / Data,0xEF81496,1,00  ,00:00:01:787,
245,Receive,,Ext / Data,0x16F83D33,1,00  ,00:00:01:789,
246,Receive,,Ext / Data,0x12F85351,8,00  21  00  00  00  00  43  90  ,00:00:01:790,
247,Receive,,Ext / Data,0xEF87310,4,D8  01  01  00  ,00:00:01:792,
248,Receive,,Ext / Data,0x1610FF51,0,,00:00:01:798,
249,Receive,,Ext / Data,0x12F85150,5,40  01  00  00  40  ,00:00:01:832,
250,Receive,,Ext / Data,0x12F85450,2,16  36  ,00:00:01:833,
251,Receive,,Ext / Data,0x12F85050,5,00  02  E9  00  00  ,00:00:01:842,
252,Receive,,Ext / Data,0xAF81111,2,28  00  ,00:00:01:867,
253,Receive,,Ext / Data,0xEF83633,2,00  00  ,00:00:01:874,
254,Receive,,Ext / Data,0x16F83B31,1,00  ,00:00:01:887,
255,Receive,,Ext / Data,0x16F86C50,8,06  D3  86  6E  A7  C7  D9  00  ,00:00:01:911,
256,Receive,,Ext / Data,0xEF83F31,2,80  00  ,00:00:01:927,
257,Receive,,Ext / Data,0x12F87811,1,00  ,00:00:01:937,
258,Receive,,Ext / Data,0x1610FF50,0,,00:00:01:940,
259,Receive,,Ext / Data,0xAF87010,2,00  00  ,00:00:01:941,
260,Receive,,Ext / Data,0x12F85050,5,00  02  E8  00  00  ,00:00:01:942,
261,Receive,,Ext / Data,0xAF87110,3,00  FE  00  ,00:00:01:942,
262,Receive,,Ext / Data,0xEF81510,1,02  ,00:00:01:943,
263,Receive,,Ext / Data,0x12F81010,4,28  00  80  00  ,00:00:01:944,
264,Receive,,Ext / Data,0xEF82010,1,00  ,00:00:01:950,
265,Receive,,Ext / Data,0x16F86D50,8,0B  21  62  14  0C  80  00  00  ,00:00:01:951,
266,Receive,,Ext / Data,0x12F81D10,5,00  00  00  00  01  ,00:00:01:952,
267,Receive,,Ext / Data,0x12F81E10,5,00  00  00  00  01  ,00:00:01:953,
268,Receive,,Ext / Data,0x12F83010,1,00  ,00:00:01:954,
269,Receive,,Ext / Data,0x12F84010,1,00  ,00:00:01:960,
270,Receive,,Ext / Data,0x12F85C50,1,00  ,00:00:01:961,
271,Receive,,Ext / Data,0x16F86250,8,02  48  36  36  43  42  30  00  ,00:00:01:962,
272,Receive,,Ext / Data,0x12F81C12,1,00  ,00:00:01:969,
273,Receive,,Ext / Data,0x12F84112,1,00  ,00:00:01:970,
274,Receive,,Ext / Data,0x12F84212,1,00  ,00:00:01:971,
275,Receive,,Ext / Data,0x12F84312,1,00  ,00:00:01:972,
276,Receive,,Ext / Data,0x12F84712,1,00  ,00:00:01:973,
277,Receive,,Ext / Data,0x12F83496,1,20  ,00:00:01:973,
278,Receive,,Ext / Data,0x12F84812,1,00  ,00:00:01:974,
279,Receive,,Ext / Data,0x16F97550,8,FF  E0  00  00  00  00  00  00  ,00:00:01:981,
280,Receive,,Ext / Data,0x12F8B0A2,1,00  ,00:00:01:996,
281,Receive,,Ext / Data,0x1610FF31,0,,00:00:02:011,
282,Receive,,Ext / Data,0xEF95251,8,02  B8  B8  30  20  84  BA  FE  ,00:00:02:027,
283,Receive,,Ext / Data,0x12F85050,5,00  02  E7  00  00  ,00:00:02:040,
284,Receive,,Ext / Data,0x1610FFA2,0,,00:00:02:075,
285,Receive,,Ext / Data,0x16F83D33,1,00  ,00:00:02:086,
286,Receive,,Ext / Data,0xEF81496,1,00  ,00:00:02:087,
287,Receive,,Ext / Data,0x12F85351,8,00  21  00  00  00  00  43  90  ,00:00:02:089,
288,Receive,,Ext / Data,0xEF87310,4,D8  01  01  40  ,00:00:02:089,
289,Receive,,Ext / Data,0x12F85150,5,40  01  00  00  40  ,00:00:02:129,
290,Receive,,Ext / Data,0x12F85450,2,16  36  ,00:00:02:129,
291,Receive,,Ext / Data,0x12F85050,5,00  02  E7  00  00  ,00:00:02:139,
292,Receive,,Ext / Data,0xAF81111,2,28  00  ,00:00:02:164,
293,Receive,,Ext / Data,0xEF83633,2,00  00  ,00:00:02:171,
294,Receive,,Ext / Data,0x16F83B31,1,00  ,00:00:02:189,
295,Receive,,Ext / Data,0x1610FF55,0,,00:00:02:198,
296,Receive,,Ext / Data,0x16F86C50,8,06  D3  86  6E  A7  C7  D9  00  ,00:00:02:208,
297,Receive,,Ext / Data,0xEF83F31,2,80  00  ,00:00:02:229,
298,Receive,,Ext / Data,0x12F87811,1,00  ,00:00:02:233,
299,Receive,,Ext / Data,0xAF87010,2,00  00  ,00:00:02:237,
300,Receive,,Ext / Data,0x12F85050,5,00  02  E6  00  00  ,00:00:02:238,
301,Receive,,Ext / Data,0xAF87110,3,00  FE  00  ,00:00:02:239,
302,Receive,,Ext / Data,0xEF81510,1,02  ,00:00:02:240,
303,Receive,,Ext / Data,0x12F81010,4,28  00  80  00  ,00:00:02:241,
304,Receive,,Ext / Data,0xEF82010,1,00  ,00:00:02:247,
305,Receive,,Ext / Data,0x16F86D50,8,0B  21  62  14  0C  80  00  00  ,00:00:02:248,
306,Receive,,Ext / Data,0x12F81D10,5,00  00  00  00  01  ,00:00:02:249,
307,Receive,,Ext / Data,0x12F81E10,5,00  00  00  00  01  ,00:00:02:250,
308,Receive,,Ext / Data,0x12F83010,1,00  ,00:00:02:251,
309,Receive,,Ext / Data,0x12F84010,1,00  ,00:00:02:257,
310,Receive,,Ext / Data,0x12F85C50,1,00  ,00:00:02:258,
311,Receive,,Ext / Data,0x16F86250,8,03  30  31  37  35  39  00  00  ,00:00:02:259,
312,Receive,,Ext / Data,0x12F81C12,1,00  ,00:00:02:266,
313,Receive,,Ext / Data,0x12F84112,1,00  ,00:00:02:267,
314,Receive,,Ext / Data,0x12F84212,1,00  ,00:00:02:268,
315,Receive,,Ext / Data,0x12F84312,1,00  ,00:00:02:269,
316,Receive,,Ext / Data,0x12F84712,1,00  ,00:00:02:270,
317,Receive,,Ext / Data,0x12F84812,1,00  ,00:00:02:271,
318,Receive,,Ext / Data,0x12F83496,1,20  ,00:00:02:273,
319,Receive,,Ext / Data,0x16F97550,8,FF  E0  00  00  00  00  00  00  ,00:00:02:278,
320,Receive,,Ext / Data,0xEF95251,8,02  B8  B8  30  20  84  BA  FE  ,00:00:02:326,
321,Receive,,Ext / Data,0x12F85050,5,00  02  E1  00  00  ,00:00:02:337,
322,Receive,,Ext / Data,0xAF81111,2,08  00  ,00:00:02:372,
323,Receive,,Ext / Data,0x16F83D33,1,00  ,00:00:02:383,
324,Receive,,Ext / Data,0xEF87310,4,D8  01  01  40  ,00:00:02:386,
325,Receive,,Ext / Data,0xEF81496,1,00  ,00:00:02:387,
326,Receive,,Ext / Data,0x12F85351,8,00  21  00  00  00  00  43  90  ,00:00:02:388,
327,Receive,,Ext / Data,0x12F85150,5,40  01  00  00  40  ,00:00:02:426,
328,Receive,,Ext / Data,0x12F85450,2,16  36  ,00:00:02:427,
329,Receive,,Ext / Data,0x12F85050,5,00  02  E3  00  00  ,00:00:02:436,
330,Receive,,Ext / Data,0xEF83633,2,00  00  ,00:00:02:467,
331,Receive,,Ext / Data,0x16F83B31,1,00  ,00:00:02:491,
332,Receive,,Ext / Data,0x16F86C50,8,06  D3  86  6E  A7  C7  D9  00  ,00:00:02:505,
333,Receive,,Ext / Data,0x12F87811,1,00  ,00:00:02:530,
334,Receive,,Ext / Data,0xEF83F31,2,80  00  ,00:00:02:531,
335,Receive,,Ext / Data,0xAF87010,2,00  00  ,00:00:02:534,
336,Receive,,Ext / Data,0x12F85050,5,00  02  E2  00  00  ,00:00:02:535,
337,Receive,,Ext / Data,0xAF87110,3,00  FE  00  ,00:00:02:536,
338,Receive,,Ext / Data,0xEF81510,1,02  ,00:00:02:537,
339,Receive,,Ext / Data,0x12F81010,4,28  00  80  00  ,00:00:02:537,
340,Receive,,Ext / Data,0xEF82010,1,00  ,00:00:02:544,
341,Receive,,Ext / Data,0x16F86D50,8,0B  21  62  14  0C  80  00  00  ,00:00:02:545,
342,Receive,,Ext / Data,0x12F81D10,5,00  00  00  00  01  ,00:00:02:546,
343,Receive,,Ext / Data,0x12F81E10,5,00  00  00  00  01  ,00:00:02:547,
344,Receive,,Ext / Data,0x12F83010,1,00  ,00:00:02:548,
345,Receive,,Ext / Data,0x12F84010,1,00  ,00:00:02:554,
346,Receive,,Ext / Data,0x12F85C50,1,00  ,00:00:02:555,
347,Receive,,Ext / Data,0x16F86250,8,00  00  00  00  04  00  00  00  ,00:00:02:556,
348,Receive,,Ext / Data,0x12F81C12,1,00  ,00:00:02:563,
349,Receive,,Ext / Data,0x12F84112,1,00  ,00:00:02:564,
350,Receive,,Ext / Data,0x12F82296,1,80  ,00:00:02:565,
351,Receive,,Ext / Data,0x12F84212,1,00  ,00:00:02:565,
352,Receive,,Ext / Data,0x12F84312,1,00  ,00:00:02:567,
353,Receive,,Ext / Data,0x12F84712,1,00  ,00:00:02:568,
354,Receive,,Ext / Data,0x12F84812,1,00  ,00:00:02:569,
355,Receive,,Ext / Data,0x12F83496,1,20  ,00:00:02:573,
356,Receive,,Ext / Data,0x16F97550,8,FF  E0  00  00  00  00  00  00  ,00:00:02:574,
357,Receive,,Ext / Data,0xEF95251,8,02  B8  B8  30  20  84  BA  FE  ,00:00:02:625,
358,Receive,,Ext / Data,0x12F85050,5,00  02  E5  00  00  ,00:00:02:634,
359,Receive,,Ext / Data,0x1610FF10,0,,00:00:02:663,
360,Receive,,Ext / Data,0x1610FF11,0,,00:00:02:669,
361,Receive,,Ext / Data,0xAF81111,2,08  00  ,00:00:02:670,
362,Receive,,Ext / Data,0x16F83D33,1,00  ,00:00:02:680,
363,Receive,,Ext / Data,0xEF87310,4,D8  01  01  40  ,00:00:02:683,
364,Receive,,Ext / Data,0x1610FF33,0,,00:00:02:685,
365,Receive,,Ext / Data,0x12F85351,8,00  21  00  00  00  00  43  90  ,00:00:02:687,
366,Receive,,Ext / Data,0xEF81496,1,00  ,00:00:02:687,
367,Receive,,Ext / Data,0x1610FF96,0,,00:00:02:688,
368,Receive,,Ext / Data,0x12F95555,2,5C  28  ,00:00:02:689,
369,Receive,,Ext / Data,0x16F83E34,1,00  ,00:00:02:690,
370,Receive,,Ext / Data,0x1610FF34,0,,00:00:02:692,
371,Receive,,Ext / Data,0x1610FF12,0,,00:00:02:711,
372,Receive,,Ext / Data,0x12F85150,5,40  01  00  00  40  ,00:00:02:723,
373,Receive,,Ext / Data,0x12F85450,2,16  36  ,00:00:02:723,
374,Receive,,Ext / Data,0x12F85050,5,00  02  E3  00  00  ,00:00:02:733,
375,Receive,,Ext / Data,0x12F85250,4,78  00  BF  24  ,00:00:02:734,
376,Receive,,Ext / Data,0xEF83633,2,00  00  ,00:00:02:765,
377,Receive,,Ext / Data,0x1610FF51,0,,00:00:02:789,
378,Receive,,Ext / Data,0x16F83B31,1,00  ,00:00:02:793,
379,Receive,,Ext / Data,0x16F86C50,8,06  D3  86  6E  A7  C7  D9  00  ,00:00:02:802,
380,Receive,,Ext / Data,0x12F87811,1,00  ,00:00:02:827,
381,Receive,,Ext / Data,0xAF87010,2,00  00  ,00:00:02:831,
382,Receive,,Ext / Data,0x12F85050,5,00  02  E3  00  00  ,00:00:02:832,
383,Receive,,Ext / Data,0xAF87110,3,00  FE  00  ,00:00:02:833,
384,Receive,,Ext / Data,0xEF83F31,2,80  00  ,00:00:02:834,
385,Receive,,Ext / Data,0xEF81510,1,02  ,00:00:02:834,
386,Receive,,Ext / Data,0x12F81010,4,28  00  80  00  ,00:00:02:835,
387,Receive,,Ext / Data,0xEF82010,1,00  ,00:00:02:841,
388,Receive,,Ext / Data,0x16F86D50,8,0B  21  62  14  0C  80  00  00  ,00:00:02:842,
389,Receive,,Ext / Data,0x12F81D10,5,00  00  00  00  01  ,00:00:02:843,
390,Receive,,Ext / Data,0x12F81E10,5,00  00  00  00  01  ,00:00:02:844,
391,Receive,,Ext / Data,0x12F83010,1,00  ,00:00:02:845,
392,Receive,,Ext / Data,0x12F84010,1,00  ,00:00:02:851,
393,Receive,,Ext / Data,0x12F85C50,1,00  ,00:00:02:851,
394,Receive,,Ext / Data,0x16F86250,8,01  35  46  4E  52  4C  35  00  ,00:00:02:853,
395,Receive,,Ext / Data,0x12F81C12,1,00  ,00:00:02:860,
396,Receive,,Ext / Data,0x12F84112,1,00  ,00:00:02:861,
397,Receive,,Ext / Data,0x12F84212,1,00  ,00:00:02:862,
398,Receive,,Ext / Data,0x12F84312,1,00  ,00:00:02:863,
399,Receive,,Ext / Data,0x12F84712,1,00  ,00:00:02:864,
400,Receive,,Ext / Data,0x12F84812,1,00  ,00:00:02:865,
401,Receive,,Ext / Data,0x16F97550,8,FF  E0  00  00  00  00  00  00  ,00:00:02:872,
402,Receive,,Ext / Data,0x12F83496,1,20  ,00:00:02:872,
403,Receive,,Ext / Data,0xEF95251,8,02  B8  B8  30  20  84  BA  FE  ,00:00:02:924,
404,Receive,,Ext / Data,0x12F85050,5,00  02  E3  00  00  ,00:00:02:931,
405,Receive,,Ext / Data,0x1610FF50,0,,00:00:02:933,
406,Receive,,Ext / Data,0xAF81111,2,08  00  ,00:00:02:966,
407,Receive,,Ext / Data,0x16F83D33,1,00  ,00:00:02:977,
408,Receive,,Ext / Data,0xEF87310,4,D8  01  01  00  ,00:00:02:980,
409,Receive,,Ext / Data,0x12F85351,8,00  21  00  00  00  00  43  90  ,00:00:02:986,
410,Receive,,Ext / Data,0xEF81496,1,00  ,00:00:02:986,
411,Receive,,Ext / Data,0x12F8B0A2,1,00  ,00:00:02:990,
412,Receive,,Ext / Data,0x1610FF31,0,,00:00:03:006,
413,Receive,,Ext / Data,0x12F85150,5,40  01  00  00  40  ,00:00:03:020,
414,Receive,,Ext / Data,0x12F85450,2,16  36  ,00:00:03:021,
415,Receive,,Ext / Data,0x12F85050,5,00  02  DE  00  00  ,00:00:03:030,
416,Receive,,Ext / Data,0xEF83633,2,00  00  ,00:00:03:062,
417,Receive,,Ext / Data,0x1610FFA2,0,,00:00:03:069,
418,Receive,,Ext / Data,0x16F83B31,1,00  ,00:00:03:095,
419,Receive,,Ext / Data,0x16F86C50,8,06  D3  86  6E  A7  C7  D9  00  ,00:00:03:099,
420,Receive,,Ext / Data,0x12F87811,1,00  ,00:00:03:124,
421,Receive,,Ext / Data,0xAF87010,2,00  00  ,00:00:03:128,
422,Receive,,Ext / Data,0x12F85050,5,00  02  E1  00  00  ,00:00:03:129,
423,Receive,,Ext / Data,0xAF87110,3,00  FE  00  ,00:00:03:130,
424,Receive,,Ext / Data,0xEF81510,1,02  ,00:00:03:130,
425,Receive,,Ext / Data,0x12F81010,4,28  00  80  00  ,00:00:03:131,
426,Receive,,Ext / Data,0xEF83F31,2,80  00  ,00:00:03:135,
427,Receive,,Ext / Data,0xEF82010,1,00  ,00:00:03:138,
428,Receive,,Ext / Data,0x16F86D50,8,0B  21  62  14  0C  80  00  00  ,00:00:03:139,
429,Receive,,Ext / Data,0x12F81D10,5,00  00  00  00  01  ,00:00:03:140,
430,Receive,,Ext / Data,0x12F81E10,5,00  00  00  00  01  ,00:00:03:141,
431,Receive,,Ext / Data,0x12F83010,1,00  ,00:00:03:142,
432,Receive,,Ext / Data,0x12F84010,1,00  ,00:00:03:148,
433,Receive,,Ext / Data,0x12F85C50,1,00  ,00:00:03:148,
434,Receive,,Ext / Data,0x16F86250,8,02  48  36  36  43  42  30  00  ,00:00:03:150,
435,Receive,,Ext / Data,0x12F81C12,1,00  ,00:00:03:157,
436,Receive,,Ext / Data,0x12F84112,1,00  ,00:00:03:158,
437,Receive,,Ext / Data,0x12F84212,1,00  ,00:00:03:159,
438,Receive,,Ext / Data,0x12F84312,1,00  ,00:00:03:160,
439,Receive,,Ext / Data,0x12F84712,1,00  ,00:00:03:161,
440,Receive,,Ext / Data,0x12F84812,1,00  ,00:00:03:162,
441,Receive,,Ext / Data,0x16F97550,8,FF  E0  00  00  00  00  00  00  ,00:00:03:169,
442,Receive,,Ext / Data,0x12F83496,1,20  ,00:00:03:172,
443,Receive,,Ext / Data,0x1610FF55,0,,00:00:03:192,
444,Receive,,Ext / Data,0xEF95251,8,02  B8  B8  30  20  84  BA  FE  ,00:00:03:223,
445,Receive,,Ext / Data,0x12F85050,5,00  02  E1  00  00  ,00:00:03:228,
446,Receive,,Ext / Data,0xAF81111,2,08  00  ,00:00:03:263,
447,Receive,,Ext / Data,0x16F83D33,1,00  ,00:00:03:274,
448,Receive,,Ext / Data,0xEF87310,4,D8  01  01  40  ,00:00:03:277,
449,Receive,,Ext / Data,0x12F85351,8,00  21  00  00  00  00  43  90  ,00:00:03:285,
450,Receive,,Ext / Data,0xEF81496,1,00  ,00:00:03:286,
451,Receive,,Ext / Data,0x12F85150,5,40  01  00  00  40  ,00:00:03:317,
452,Receive,,Ext / Data,0x12F85450,2,16  36  ,00:00:03:318,
453,Receive,,Ext / Data,0x12F85050,5,00  02  E1  00  00  ,00:00:03:327,
454,Receive,,Ext / Data,0xEF83633,2,00  00  ,00:00:03:358,
455,Receive,,Ext / Data,0x16F86C50,8,06  D3  86  6E  A7  C7  D9  00  ,00:00:03:396,
456,Receive,,Ext / Data,0x16F83B31,1,00  ,00:00:03:397,
457,Receive,,Ext / Data,0x12F87811,1,00  ,00:00:03:421,
458,Receive,,Ext / Data,0xAF87010,2,00  00  ,00:00:03:425,
459,Receive,,Ext / Data,0xAF87110,3,00  FE  00  ,00:00:03:426,
460,Receive,,Ext / Data,0x12F85050,5,00  02  E1  00  00  ,00:00:03:427,
461,Receive,,Ext / Data,0xEF81510,1,02  ,00:00:03:427,
462,Receive,,Ext / Data,0x12F81010,4,28  00  80  00  ,00:00:03:428,
463,Receive,,Ext / Data,0xEF82010,1,00  ,00:00:03:435,
464,Receive,,Ext / Data,0x12F81D10,5,00  00  00  00  01  ,00:00:03:436,
465,Receive,,Ext / Data,0x16F86D50,8,0B  21  62  14  0C  80  00  00  ,00:00:03:437,
466,Receive,,Ext / Data,0xEF83F31,2,80  00  ,00:00:03:438,
467,Receive,,Ext / Data,0x12F81E10,5,00  00  00  00  01  ,00:00:03:439,
468,Receive,,Ext / Data,0x12F83010,1,00  ,00:00:03:439,
469,Receive,,Ext / Data,0x12F84010,1,00  ,00:00:03:445,
470,Receive,,Ext / Data,0x12F85C50,1,00  ,00:00:03:445,
471,Receive,,Ext / Data,0x16F86250,8,03  30  31  37  35  39  00  00  ,00:00:03:447,
472,Receive,,Ext / Data,0x12F81C12,1,00  ,00:00:03:454,
473,Receive,,Ext / Data,0x12F84112,1,00  ,00:00:03:455,
474,Receive,,Ext / Data,0x12F84212,1,00  ,00:00:03:456,
475,Receive,,Ext / Data,0x12F84312,1,00  ,00:00:03:457,
476,Receive,,Ext / Data,0x12F84712,1,00  ,00:00:03:458,
477,Receive,,Ext / Data,0x12F84812,1,00  ,00:00:03:459,
478,Receive,,Ext / Data,0x16F97550,8,FF  E0  00  00  00  00  00  00  ,00:00:03:466,
479,Receive,,Ext / Data,0x12F83496,1,20  ,00:00:03:472,
480,Receive,,Ext / Data,0xEF95251,8,02  B8  B8  30  20  84  BA  FE  ,00:00:03:522,
481,Receive,,Ext / Data,0x12F85050,5,00  02  E1  00  00  ,00:00:03:525,
482,Receive,,Ext / Data,0x12F82296,1,80  ,00:00:03:553,
483,Receive,,Ext / Data,0xAF81111,2,08  00  ,00:00:03:560,
484,Receive,,Ext / Data,0x16F83D33,1,00  ,00:00:03:571,
485,Receive,,Ext / Data,0xEF87310,4,D8  01  01  40  ,00:00:03:574,
486,Receive,,Ext / Data,0x12F85351,8,00  21  00  00  00  00  43  90  ,00:00:03:584,
487,Receive,,Ext / Data,0xEF81496,1,00  ,00:00:03:585,
488,Receive,,Ext / Data,0x12F85150,5,40  01  00  00  40  ,00:00:03:614,
489,Receive,,Ext / Data,0x12F85450,2,16  36  ,00:00:03:615,
490,Receive,,Ext / Data,0x12F85050,5,00  02  DD  00  00  ,00:00:03:624,
491,Receive,,Ext / Data,0x1610FF10,0,,00:00:03:653,
492,Receive,,Ext / Data,0xEF83633,2,00  00  ,00:00:03:655,
493,Receive,,Ext / Data,0x1610FF11,0,,00:00:03:659,
494,Receive,,Ext / Data,0x1610FF33,0,,00:00:03:676,
495,Receive,,Ext / Data,0x16F83E34,1,00  ,00:00:03:678,
496,Receive,,Ext / Data,0x1610FF96,0,,00:00:03:679,
497,Receive,,Ext / Data,0x12F95555,2,5C  28  ,00:00:03:679,
498,Receive,,Ext / Data,0x1610FF34,0,,00:00:03:680,
499,Receive,,Ext / Data,0x16F86C50,8,06  D3  86  6E  A7  C7  D9  00  ,00:00:03:693,
500,Receive,,Ext / Data,0x16F83B31,1,00  ,00:00:03:699,
501,Receive,,Ext / Data,0x1610FF12,0,,00:00:03:701,
502,Receive,,Ext / Data,0x12F87811,1,00  ,00:00:03:718,
503,Receive,,Ext / Data,0xAF87010,2,00  00  ,00:00:03:722,
504,Receive,,Ext / Data,0xAF87110,3,00  FE  00  ,00:00:03:723,
505,Receive,,Ext / Data,0x12F85050,5,00  02  DF  00  00  ,00:00:03:724,
506,Receive,,Ext / Data,0xEF81510,1,02  ,00:00:03:724,
507,Receive,,Ext / Data,0x12F85250,4,78  00  BF  24  ,00:00:03:725,
508,Receive,,Ext / Data,0x12F81010,4,28  00  80  00  ,00:00:03:726,
509,Receive,,Ext / Data,0xEF82010,1,00  ,00:00:03:732,
510,Receive,,Ext / Data,0x12F81D10,5,00  00  00  00  01  ,00:00:03:733,
511,Receive,,Ext / Data,0x16F86D50,8,0B  21  62  14  0C  80  00  00  ,00:00:03:734,
512,Receive,,Ext / Data,0x12F81E10,5,00  00  00  00  01  ,00:00:03:735,
513,Receive,,Ext / Data,0x12F83010,1,00  ,00:00:03:735,
514,Receive,,Ext / Data,0xEF83F31,2,80  00  ,00:00:03:739,
515,Receive,,Ext / Data,0x12F84010,1,00  ,00:00:03:742,
516,Receive,,Ext / Data,0x12F85C50,1,00  ,00:00:03:742,
517,Receive,,Ext / Data,0x16F86250,8,00  00  00  00  04  00  00  00  ,00:00:03:744,
518,Receive,,Ext / Data,0x12F81C12,1,00  ,00:00:03:751,
519,Receive,,Ext / Data,0x12F84112,1,00  ,00:00:03:752,
520,Receive,,Ext / Data,0x12F84212,1,00  ,00:00:03:753,
521,Receive,,Ext / Data,0x12F84312,1,00  ,00:00:03:754,
522,Receive,,Ext / Data,0x12F84712,1,00  ,00:00:03:755,
523,Receive,,Ext / Data,0x12F84812,1,00  ,00:00:03:756,
524,Receive,,Ext / Data,0x16F97550,8,FF  E0  00  00  00  00  00  00  ,00:00:03:763,
525,Receive,,Ext / Data,0x12F83496,1,20  ,00:00:03:772,
526,Receive,,Ext / Data,0x1610FF51,0,,00:00:03:780,
527,Receive,,Ext / Data,0xEF95251,8,02  B8  B8  30  20  84  BA  FE  ,00:00:03:821,
528,Receive,,Ext / Data,0x12F85050,5,00  02  DF  00  00  ,00:00:03:822,
529,Receive,,Ext / Data,0xAF81111,2,08  00  ,00:00:03:857,
530,Receive,,Ext / Data,0x16F83D33,1,00  ,00:00:03:866,
531,Receive,,Ext / Data,0xEF87310,4,D8  01  01  40  ,00:00:03:871,
532,Receive,,Ext / Data,0x12F85351,8,00  21  00  00  00  00  43  90  ,00:00:03:883,
533,Receive,,Ext / Data,0xEF81496,1,00  ,00:00:03:885,
534,Receive,,Ext / Data,0x12F85150,5,40  01  00  00  40  ,00:00:03:911,
535,Receive,,Ext / Data,0x12F85450,2,16  36  ,00:00:03:912,
536,Receive,,Ext / Data,0x12F85050,5,00  02  E1  00  00  ,00:00:03:921,
537,Receive,,Ext / Data,0x1610FF50,0,,00:00:03:927,
538,Receive,,Ext / Data,0xEF83633,2,00  00  ,00:00:03:952,
539,Receive,,Ext / Data,0x12F8B0A2,1,00  ,00:00:03:984,
540,Receive,,Ext / Data,0x16F86C50,8,06  D3  86  6E  A7  C7  D9  00  ,00:00:03:990,
541,Receive,,Ext / Data,0x1610FF31,0,,00:00:04:001,
542,Receive,,Ext / Data,0x16F83B31,1,00  ,00:00:04:006,
543,Receive,,Ext / Data,0x12F87811,1,00  ,00:00:04:015,
544,Receive,,Ext / Data,0xAF87010,2,00  00  ,00:00:04:019,
545,Receive,,Ext / Data,0xAF87110,3,00  FE  00  ,00:00:04:020,
546,Receive,,Ext / Data,0x12F85050,5,00  02  E1  00  00  ,00:00:04:021,
547,Receive,,Ext / Data,0xEF81510,1,02  ,00:00:04:021,
548,Receive,,Ext / Data,0x12F81010,4,28  00  80  00  ,00:00:04:022,
549,Receive,,Ext / Data,0xEF82010,1,00  ,00:00:04:029,
550,Receive,,Ext / Data,0x12F81D10,5,00  00  00  00  01  ,00:00:04:030,
551,Receive,,Ext / Data,0x16F86D50,8,0B  21  62  14  0C  80  00  00  ,00:00:04:031,
552,Receive,,Ext / Data,0x12F81E10,5,00  00  00  00  01  ,00:00:04:032,
553,Receive,,Ext / Data,0x12F83010,1,00  ,00:00:04:032,
554,Receive,,Ext / Data,0x12F84010,1,00  ,00:00:04:039,
555,Receive,,Ext / Data,0x12F85C50,1,00  ,00:00:04:039,
556,Receive,,Ext / Data,0x16F86250,8,01  35  46  4E  52  4C  35  00  ,00:00:04:040,
557,Receive,,Ext / Data,0xEF83F31,2,80  00  ,00:00:04:041,
558,Receive,,Ext / Data,0x12F81C12,1,00  ,00:00:04:048,
559,Receive,,Ext / Data,0x12F84112,1,00  ,00:00:04:049,
560,Receive,,Ext / Data,0x12F84212,1,00  ,00:00:04:050,
561,Receive,,Ext / Data,0x12F84312,1,00  ,00:00:04:051,
562,Receive,,Ext / Data,0x12F84712,1,00  ,00:00:04:052,
563,Receive,,Ext / Data,0x12F84812,1,00  ,00:00:04:053,
564,Receive,,Ext / Data,0x16F97550,8,FF  E0  00  00  00  00  00  00  ,00:00:04:060,
565,Receive,,Ext / Data,0x1610FFA2,0,,00:00:04:063,
566,Receive,,Ext / Data,0x12F83496,1,20  ,00:00:04:071,
567,Receive,,Ext / Data,0x12F85050,5,00  02  DF  00  00  ,00:00:04:119,
568,Receive,,Ext / Data,0xEF95251,8,02  B8  B8  30  20  84  BA  FE  ,00:00:04:120,
569,Receive,,Ext / Data,0xAF81111,2,08  00  ,00:00:04:154,
570,Receive,,Ext / Data,0x16F83D33,1,00  ,00:00:04:163,
571,Receive,,Ext / Data,0xEF87310,4,D8  01  01  00  ,00:00:04:167,
572,Receive,,Ext / Data,0x12F85351,8,00  21  00  00  00  00  43  90  ,00:00:04:182,
573,Receive,,Ext / Data,0xEF81496,1,00  ,00:00:04:185,
574,Receive,,Ext / Data,0x1610FF55,0,,00:00:04:186,
575,Receive,,Ext / Data,0x12F85150,5,40  01  00  00  40  ,00:00:04:208,
576,Receive,,Ext / Data,0x12F85450,2,16  36  ,00:00:04:209,
577,Receive,,Ext / Data,0x12F85050,5,00  02  E1  00  00  ,00:00:04:218,
578,Receive,,Ext / Data,0xEF83633,2,00  00  ,00:00:04:250,
579,Receive,,Ext / Data,0x16F86C50,8,06  D3  86  6E  A7  C7  D9  00  ,00:00:04:288,
580,Receive,,Ext / Data,0x16F83B31,1,00  ,00:00:04:308,
581,Receive,,Ext / Data,0x12F87811,1,00  ,00:00:04:312,
582,Receive,,Ext / Data,0xAF87010,2,00  00  ,00:00:04:316,
583,Receive,,Ext / Data,0xAF87110,3,00  FE  00  ,00:00:04:317,
584,Receive,,Ext / Data,0x12F85050,5,00  02  DD  00  00  ,00:00:04:318,
585,Receive,,Ext / Data,0xEF81510,1,02  ,00:00:04:318,
586,Receive,,Ext / Data,0x12F81010,4,28  00  80  00  ,00:00:04:319,
587,Receive,,Ext / Data,0xEF82010,1,00  ,00:00:04:326,
588,Receive,,Ext / Data,0x12F81D10,5,00  00  00  00  01  ,00:00:04:327,
589,Receive,,Ext / Data,0x16F86D50,8,0B  21  62  14  0C  80  00  00  ,00:00:04:328,
590,Receive,,Ext / Data,0x12F81E10,5,00  00  00  00  01  ,00:00:04:329,
591,Receive,,Ext / Data,0x12F83010,1,00  ,00:00:04:329,
592,Receive,,Ext / Data,0x12F84010,1,00  ,00:00:04:336,
593,Receive,,Ext / Data,0x12F85C50,1,00  ,00:00:04:337,
594,Receive,,Ext / Data,0x16F86250,8,02  48  36  36  43  42  30  00  ,00:00:04:338,
595,Receive,,Ext / Data,0xEF83F31,2,80  00  ,00:00:04:343,
596,Receive,,Ext / Data,0x12F81C12,1,00  ,00:00:04:345,
597,Receive,,Ext / Data,0x12F84112,1,00  ,00:00:04:346,
598,Receive,,Ext / Data,0x12F84212,1,00  ,00:00:04:347,
599,Receive,,Ext / Data,0x12F84312,1,00  ,00:00:04:348,
600,Receive,,Ext / Data,0x12F84712,1,00  ,00:00:04:349,
601,Receive,,Ext / Data,0x12F84812,1,00  ,00:00:04:350,
602,Receive,,Ext / Data,0x16F97550,8,FF  E0  00  00  00  00  00  00  ,00:00:04:357,
603,Receive,,Ext / Data,0x12F83496,1,20  ,00:00:04:371,
604,Receive,,Ext / Data,0x12F85050,5,00  02  DF  00  00  ,00:00:04:416,
605,Receive,,Ext / Data,0xEF95251,8,02  B8  B8  30  20  84  BA  FE  ,00:00:04:420,
606,Receive,,Ext / Data,0xAF81111,2,08  00  ,00:00:04:451,
607,Receive,,Ext / Data,0x16F83D33,1,00  ,00:00:04:460,
608,Receive,,Ext / Data,0xEF87310,4,D8  01  01  40  ,00:00:04:464,
609,Receive,,Ext / Data,0x12F85351,8,00  21  00  00  00  00  43  90  ,00:00:04:481,
610,Receive,,Ext / Data,0xEF81496,1,00  ,00:00:04:484,
611,Receive,,Ext / Data,0x12F85150,5,40  01  00  00  40  ,00:00:04:505,
612,Receive,,Ext / Data,0x12F85450,2,16  36  ,00:00:04:506,
613,Receive,,Ext / Data,0x12F85050,5,00  02  DE  00  00  ,00:00:04:515,
614,Receive,,Ext / Data,0x12F82296,1,80  ,00:00:04:541,
