0,Receive,,Ext / Data,0x12F85050,5,00  03  1D  00  00  ,00:00:00:057,
1,Receive,,Ext / Data,0x12F83496,1,20  ,00:00:00:085,
2,Receive,,Ext / Data,0x12F85450,2,16  36  ,00:00:00:116,
3,Receive,,Ext / Data,0xAF81111,2,08  00  ,00:00:00:124,
4,Receive,,Ext / Data,0x12F81C12,1,00  ,00:00:00:134,
5,Receive,,Ext / Data,0x12F84112,1,00  ,00:00:00:135,
6,Receive,,Ext / Data,0x12F84212,1,00  ,00:00:00:136,
7,Receive,,Ext / Data,0x12F84312,1,00  ,00:00:00:137,
8,Receive,,Ext / Data,0x12F84712,1,00  ,00:00:00:138,
9,Receive,,Ext / Data,0xAF87110,3,00  00  00  ,00:00:00:142,
10,Receive,,Ext / Data,0xEF81510,1,02  ,00:00:00:143,
11,Receive,,Ext / Data,0xEF82010,1,00  ,00:00:00:144,
12,Receive,,Ext / Data,0x12F87811,1,00  ,00:00:00:144,
13,Receive,,Ext / Data,0x12F84812,1,00  ,00:00:00:145,
14,Receive,,Ext / Data,0x12F81D10,5,00  00  00  00  01  ,00:00:00:152,
15,Receive,,Ext / Data,0x12F81E10,5,00  00  00  00  01  ,00:00:00:153,
16,Receive,,Ext / Data,0x12F83010,1,80  ,00:00:00:154,
17,Receive,,Ext / Data,0x12F85050,5,00  03  11  00  00  ,00:00:00:156,
18,Receive,,Ext / Data,0x12F84010,1,00  ,00:00:00:162,
19,Receive,,Ext / Data,0x16F97550,8,FF  E0  00  00  00  00  00  00  ,00:00:00:176,
20,Receive,,Ext / Data,0x12F85C50,1,00  ,00:00:00:177,
21,Receive,,Ext / Data,0x16F86250,8,00  00  00  00  04  00  00  00  ,00:00:00:178,
22,Receive,,Ext / Data,0x1610FF55,0,,00:00:00:185,
23,Receive,,Ext / Data,0x16F86C50,8,04  47  36  AF  1F  C7  D9  00  ,00:00:00:186,
24,Receive,,Ext / Data,0x16F83D33,1,00  ,00:00:00:197,
25,Receive,,Ext / Data,0xEF87310,4,D8  01  01  40  ,00:00:00:202,
26,Receive,,Ext / Data,0x16F86D50,8,0A  C1  56  13  1F  40  00  00  ,00:00:00:225,
27,Receive,,Ext / Data,0xEF83F31,2,80  00  ,00:00:00:231,
28,Receive,,Ext / Data,0xEF81496,1,00  ,00:00:00:239,
29,Receive,,Ext / Data,0xEF95251,8,01  C4  C4  F0  00  C0  C6  FE  ,00:00:00:242,
30,Receive,,Ext / Data,0xEF83633,2,00  00  ,00:00:00:249,
31,Receive,,Ext / Data,0xAF87010,2,00  00  ,00:00:00:251,
32,Receive,,Ext / Data,0x12F85050,5,00  03  15  00  00  ,00:00:00:255,
33,Receive,,Ext / Data,0x12F81010,4,28  00  80  00  ,00:00:00:261,
34,Receive,,Ext / Data,0x1610FF11,0,,00:00:00:263,
35,Receive,,Ext / Data,0x1610FF96,0,,00:00:00:271,
36,Receive,,Ext / Data,0x16F83E34,1,00  ,00:00:00:287,
37,Receive,,Ext / Data,0x1610FF10,0,,00:00:00:291,
38,Receive,,Ext / Data,0x1610FF34,0,,00:00:00:292,
39,Receive,,Ext / Data,0x1610FF12,0,,00:00:00:293,
40,Receive,,Ext / Data,0x1610FF33,0,,00:00:00:294,
41,Receive,,Ext / Data,0x12F85351,8,00  01  00  00  00  00  98  90  ,00:00:00:296,
42,Receive,,Ext / Data,0x16F83B31,1,00  ,00:00:00:300,
43,Receive,,Ext / Data,0x12F85150,5,40  01  00  00  40  ,00:00:00:315,
44,Receive,,Ext / Data,0x1610FF31,0,,00:00:00:335,
45,Receive,,Ext / Data,0x12F85050,5,00  03  16  00  00  ,00:00:00:354,
46,Receive,,Ext / Data,0x12F82296,1,80  ,00:00:00:368,
47,Receive,,Ext / Data,0x12F83496,1,20  ,00:00:00:384,
48,Receive,,Ext / Data,0x12F85450,2,16  36  ,00:00:00:413,
49,Receive,,Ext / Data,0xAF81111,2,08  00  ,00:00:00:421,
50,Receive,,Ext / Data,0x12F81C12,1,00  ,00:00:00:431,
51,Receive,,Ext / Data,0x12F84112,1,00  ,00:00:00:432,
52,Receive,,Ext / Data,0x12F84212,1,00  ,00:00:00:433,
53,Receive,,Ext / Data,0x12F84312,1,00  ,00:00:00:434,
54,Receive,,Ext / Data,0x12F84712,1,00  ,00:00:00:435,
55,Receive,,Ext / Data,0xAF87110,3,00  00  00  ,00:00:00:439,
56,Receive,,Ext / Data,0xEF81510,1,02  ,00:00:00:440,
57,Receive,,Ext / Data,0xEF82010,1,00  ,00:00:00:441,
58,Receive,,Ext / Data,0x12F87811,1,00  ,00:00:00:441,
59,Receive,,Ext / Data,0x12F84812,1,00  ,00:00:00:442,
60,Receive,,Ext / Data,0x12F81D10,5,00  00  00  00  01  ,00:00:00:449,
61,Receive,,Ext / Data,0x12F81E10,5,00  00  00  00  01  ,00:00:00:450,
62,Receive,,Ext / Data,0x12F83010,1,80  ,00:00:00:451,
63,Receive,,Ext / Data,0x1610FFA2,0,,00:00:00:451,
64,Receive,,Ext / Data,0x12F85050,5,00  03  0A  00  00  ,00:00:00:453,
65,Receive,,Ext / Data,0x12F84010,1,00  ,00:00:00:459,
66,Receive,,Ext / Data,0x16F97550,8,FF  E0  00  00  00  00  00  00  ,00:00:00:473,
67,Receive,,Ext / Data,0x12F85C50,1,00  ,00:00:00:474,
68,Receive,,Ext / Data,0x16F86250,8,01  35  46  4E  52  4C  35  00  ,00:00:00:475,
69,Receive,,Ext / Data,0x16F86C50,8,04  47  36  AF  1F  C7  D9  00  ,00:00:00:483,
70,Receive,,Ext / Data,0x16F83D33,1,00  ,00:00:00:495,
71,Receive,,Ext / Data,0xEF87310,4,D8  01  01  40  ,00:00:00:499,
72,Receive,,Ext / Data,0x16F86D50,8,0A  C1  56  13  1F  40  00  00  ,00:00:00:523,
73,Receive,,Ext / Data,0xEF83F31,2,80  00  ,00:00:00:533,
74,Receive,,Ext / Data,0xEF81496,1,00  ,00:00:00:538,
75,Receive,,Ext / Data,0xEF95251,8,01  C4  C4  F0  00  C0  C6  FE  ,00:00:00:542,
76,Receive,,Ext / Data,0xEF83633,2,00  00  ,00:00:00:546,
77,Receive,,Ext / Data,0xAF87010,2,00  00  ,00:00:00:548,
78,Receive,,Ext / Data,0x12F85050,5,00  03  0B  00  00  ,00:00:00:552,
79,Receive,,Ext / Data,0x12F81010,4,28  00  80  00  ,00:00:00:558,
80,Receive,,Ext / Data,0x12F85351,8,00  01  00  00  00  00  98  90  ,00:00:00:595,
81,Receive,,Ext / Data,0x16F83B31,1,00  ,00:00:00:602,
82,Receive,,Ext / Data,0x12F85150,5,40  01  00  00  40  ,00:00:00:611,
83,Receive,,Ext / Data,0x12F85050,5,00  03  16  00  00  ,00:00:00:651,
84,Receive,,Ext / Data,0x12F83496,1,20  ,00:00:00:684,
85,Receive,,Ext / Data,0x12F85450,2,16  36  ,00:00:00:710,
86,Receive,,Ext / Data,0xAF81111,2,08  00  ,00:00:00:718,
87,Receive,,Ext / Data,0x12F81C12,1,00  ,00:00:00:728,
88,Receive,,Ext / Data,0x12F84112,1,00  ,00:00:00:729,
89,Receive,,Ext / Data,0x12F84212,1,00  ,00:00:00:730,
90,Receive,,Ext / Data,0x12F84312,1,00  ,00:00:00:731,
91,Receive,,Ext / Data,0x12F84712,1,00  ,00:00:00:732,
92,Receive,,Ext / Data,0xAF87110,3,00  00  00  ,00:00:00:736,
93,Receive,,Ext / Data,0xEF81510,1,02  ,00:00:00:737,
94,Receive,,Ext / Data,0xEF82010,1,00  ,00:00:00:738,
95,Receive,,Ext / Data,0x12F87811,1,00  ,00:00:00:738,
96,Receive,,Ext / Data,0x12F84812,1,00  ,00:00:00:739,
97,Receive,,Ext / Data,0x12F81D10,5,00  00  00  00  01  ,00:00:00:746,
98,Receive,,Ext / Data,0x12F81E10,5,00  00  00  00  01  ,00:00:00:747,
99,Receive,,Ext / Data,0x12F83010,1,80  ,00:00:00:748,
100,Receive,,Ext / Data,0x12F85050,5,00  03  16  00  00  ,00:00:00:750,
101,Receive,,Ext / Data,0x12F84010,1,00  ,00:00:00:756,
102,Receive,,Ext / Data,0x16F97550,8,FF  E0  00  00  00  00  00  00  ,00:00:00:770,
103,Receive,,Ext / Data,0x12F85C50,1,00  ,00:00:00:771,
104,Receive,,Ext / Data,0x16F86250,8,02  48  36  36  43  42  30  00  ,00:00:00:772,
105,Receive,,Ext / Data,0x16F86C50,8,04  47  36  AF  1F  C7  D9  00  ,00:00:00:780,
106,Receive,,Ext / Data,0x16F83D33,1,00  ,00:00:00:792,
107,Receive,,Ext / Data,0xEF87310,4,D8  01  01  40  ,00:00:00:796,
108,Receive,,Ext / Data,0x16F86D50,8,0A  C1  56  13  1F  40  00  00  ,00:00:00:820,
109,Receive,,Ext / Data,0xEF83F31,2,80  00  ,00:00:00:835,
110,Receive,,Ext / Data,0xEF81496,1,00  ,00:00:00:838,
111,Receive,,Ext / Data,0xEF95251,8,01  C4  C4  F0  00  C0  C6  FE  ,00:00:00:841,
112,Receive,,Ext / Data,0xEF83633,2,00  00  ,00:00:00:843,
113,Receive,,Ext / Data,0xAF87010,2,00  00  ,00:00:00:845,
114,Receive,,Ext / Data,0x12F85050,5,00  03  15  00  00  ,00:00:00:849,
115,Receive,,Ext / Data,0x12F81010,4,28  00  80  00  ,00:00:00:855,
116,Receive,,Ext / Data,0x12F85351,8,00  01  00  00  00  00  98  90  ,00:00:00:894,
117,Receive,,Ext / Data,0x16F83B31,1,00  ,00:00:00:904,
118,Receive,,Ext / Data,0x12F85150,5,40  01  00  00  40  ,00:00:00:909,
119,Receive,,Ext / Data,0x12F85250,4,67  00  C9  85  ,00:00:00:909,
120,Receive,,Ext / Data,0x1610FF51,0,,00:00:00:910,
121,Receive,,Ext / Data,0x12F8B0A2,1,00  ,00:00:00:941,
122,Receive,,Ext / Data,0x12F85050,5,00  03  18  00  00  ,00:00:00:948,
123,Receive,,Ext / Data,0x1610FF50,0,,00:00:00:973,
124,Receive,,Ext / Data,0x12F83496,1,20  ,00:00:00:984,
125,Receive,,Ext / Data,0x12F85450,2,16  36  ,00:00:01:007,
126,Receive,,Ext / Data,0xAF81111,2,08  00  ,00:00:01:015,
127,Receive,,Ext / Data,0x12F81C12,1,00  ,00:00:01:026,
128,Receive,,Ext / Data,0x12F84112,1,00  ,00:00:01:026,
129,Receive,,Ext / Data,0x12F84212,1,00  ,00:00:01:027,
130,Receive,,Ext / Data,0x12F84312,1,00  ,00:00:01:028,
131,Receive,,Ext / Data,0x12F84712,1,00  ,00:00:01:029,
132,Receive,,Ext / Data,0xAF87110,3,00  00  00  ,00:00:01:033,
133,Receive,,Ext / Data,0xEF81510,1,02  ,00:00:01:034,
134,Receive,,Ext / Data,0xEF82010,1,00  ,00:00:01:035,
135,Receive,,Ext / Data,0x12F87811,1,00  ,00:00:01:035,
136,Receive,,Ext / Data,0x12F84812,1,00  ,00:00:01:036,
137,Receive,,Ext / Data,0x12F81D10,5,00  00  00  00  01  ,00:00:01:043,
138,Receive,,Ext / Data,0x12F81E10,5,00  00  00  00  01  ,00:00:01:044,
139,Receive,,Ext / Data,0x12F83010,1,80  ,00:00:01:045,
140,Receive,,Ext / Data,0x12F85050,5,00  03  17  00  00  ,00:00:01:047,
141,Receive,,Ext / Data,0x12F84010,1,00  ,00:00:01:053,
142,Receive,,Ext / Data,0x16F97550,8,FF  E0  00  00  00  00  00  00  ,00:00:01:067,
143,Receive,,Ext / Data,0x12F85C50,1,00  ,00:00:01:068,
144,Receive,,Ext / Data,0x16F86250,8,03  30  31  37  35  39  00  00  ,00:00:01:069,
145,Receive,,Ext / Data,0x16F86C50,8,04  47  36  AF  1F  C7  D9  00  ,00:00:01:077,
146,Receive,,Ext / Data,0x16F83D33,1,00  ,00:00:01:088,
147,Receive,,Ext / Data,0xEF87310,4,D8  01  01  40  ,00:00:01:093,
148,Receive,,Ext / Data,0x16F86D50,8,0A  C1  56  13  1F  40  00  00  ,00:00:01:117,
149,Receive,,Ext / Data,0xEF83F31,2,80  00  ,00:00:01:137,
150,Receive,,Ext / Data,0xEF81496,1,00  ,00:00:01:138,
151,Receive,,Ext / Data,0xEF95251,8,01  C4  C4  F0  00  C0  C6  FE  ,00:00:01:140,
152,Receive,,Ext / Data,0xEF83633,2,00  00  ,00:00:01:140,
153,Receive,,Ext / Data,0xAF87010,2,00  00  ,00:00:01:142,
154,Receive,,Ext / Data,0x12F85050,5,00  03  1B  00  00  ,00:00:01:146,
155,Receive,,Ext / Data,0x12F81010,4,28  00  80  00  ,00:00:01:152,
156,Receive,,Ext / Data,0x1610FF55,0,,00:00:01:179,
157,Receive,,Ext / Data,0x12F85351,8,00  01  00  00  00  00  98  90  ,00:00:01:193,
158,Receive,,Ext / Data,0x12F85150,5,40  01  00  00  40  ,00:00:01:206,
159,Receive,,Ext / Data,0x16F83B31,1,00  ,00:00:01:206,
160,Receive,,Ext / Data,0x12F85050,5,00  03  1B  00  00  ,00:00:01:245,
161,Receive,,Ext / Data,0x1610FF11,0,,00:00:01:253,
162,Receive,,Ext / Data,0x1610FF96,0,,00:00:01:261,
163,Receive,,Ext / Data,0x16F83E34,1,00  ,00:00:01:277,
164,Receive,,Ext / Data,0x1610FF10,0,,00:00:01:281,
165,Receive,,Ext / Data,0x1610FF12,0,,00:00:01:283,
166,Receive,,Ext / Data,0x12F83496,1,20  ,00:00:01:284,
167,Receive,,Ext / Data,0x1610FF33,0,,00:00:01:285,
168,Receive,,Ext / Data,0x1610FF34,0,,00:00:01:286,
169,Receive,,Ext / Data,0x12F85450,2,16  36  ,00:00:01:304,
170,Receive,,Ext / Data,0xAF81111,2,08  00  ,00:00:01:313,
171,Receive,,Ext / Data,0x12F81C12,1,00  ,00:00:01:323,
172,Receive,,Ext / Data,0x12F84112,1,00  ,00:00:01:324,
173,Receive,,Ext / Data,0x12F84212,1,00  ,00:00:01:325,
174,Receive,,Ext / Data,0x12F84312,1,00  ,00:00:01:326,
175,Receive,,Ext / Data,0x12F84712,1,00  ,00:00:01:327,
176,Receive,,Ext / Data,0xAF87110,3,00  00  00  ,00:00:01:330,
177,Receive,,Ext / Data,0x1610FF31,0,,00:00:01:331,
178,Receive,,Ext / Data,0xEF81510,1,02  ,00:00:01:332,
179,Receive,,Ext / Data,0xEF82010,1,00  ,00:00:01:332,
180,Receive,,Ext / Data,0x12F84812,1,00  ,00:00:01:333,
181,Receive,,Ext / Data,0x12F87811,1,00  ,00:00:01:333,
182,Receive,,Ext / Data,0x12F81D10,5,00  00  00  00  01  ,00:00:01:340,
183,Receive,,Ext / Data,0x12F81E10,5,00  00  00  00  01  ,00:00:01:341,
184,Receive,,Ext / Data,0x12F83010,1,80  ,00:00:01:342,
185,Receive,,Ext / Data,0x12F85050,5,00  03  16  00  00  ,00:00:01:344,
186,Receive,,Ext / Data,0x12F84010,1,00  ,00:00:01:350,
187,Receive,,Ext / Data,0x12F82296,1,80  ,00:00:01:357,
188,Receive,,Ext / Data,0x16F97550,8,FF  E0  00  00  00  00  00  00  ,00:00:01:364,
189,Receive,,Ext / Data,0x12F85C50,1,00  ,00:00:01:365,
190,Receive,,Ext / Data,0x16F86250,8,00  00  00  00  04  00  00  00  ,00:00:01:366,
191,Receive,,Ext / Data,0x16F86C50,8,04  47  36  AF  1F  C7  D9  00  ,00:00:01:374,
192,Receive,,Ext / Data,0x16F83D33,1,00  ,00:00:01:386,
193,Receive,,Ext / Data,0xEF87310,4,D8  01  01  40  ,00:00:01:390,
194,Receive,,Ext / Data,0x16F86D50,8,0A  C1  56  13  1F  40  00  00  ,00:00:01:414,
195,Receive,,Ext / Data,0xEF83633,2,00  00  ,00:00:01:437,
196,Receive,,Ext / Data,0xEF81496,1,00  ,00:00:01:438,
197,Receive,,Ext / Data,0xEF95251,8,01  C4  C4  F0  00  C0  C6  FE  ,00:00:01:439,
198,Receive,,Ext / Data,0xAF87010,2,00  00  ,00:00:01:439,
199,Receive,,Ext / Data,0xEF83F31,2,80  00  ,00:00:01:440,
200,Receive,,Ext / Data,0x12F85050,5,00  03  21  00  00  ,00:00:01:443,
201,Receive,,Ext / Data,0x1610FFA2,0,,00:00:01:445,
202,Receive,,Ext / Data,0x12F81010,4,28  00  80  00  ,00:00:01:449,
203,Receive,,Ext / Data,0x12F85351,8,00  01  00  00  00  00  98  50  ,00:00:01:492,
204,Receive,,Ext / Data,0x12F85150,5,40  01  00  00  40  ,00:00:01:503,
205,Receive,,Ext / Data,0x16F83B31,1,00  ,00:00:01:508,
206,Receive,,Ext / Data,0x12F85050,5,00  03  1C  00  00  ,00:00:01:542,
207,Receive,,Ext / Data,0x12F83496,1,20  ,00:00:01:583,
208,Receive,,Ext / Data,0x12F85450,2,16  36  ,00:00:01:602,
209,Receive,,Ext / Data,0xAF81111,2,08  00  ,00:00:01:610,
210,Receive,,Ext / Data,0x12F81C12,1,00  ,00:00:01:620,
211,Receive,,Ext / Data,0x12F84112,1,00  ,00:00:01:621,
212,Receive,,Ext / Data,0x12F84212,1,00  ,00:00:01:622,
213,Receive,,Ext / Data,0x12F84312,1,00  ,00:00:01:623,
214,Receive,,Ext / Data,0x12F84712,1,00  ,00:00:01:624,
215,Receive,,Ext / Data,0xAF87110,3,00  00  00  ,00:00:01:627,
216,Receive,,Ext / Data,0xEF81510,1,02  ,00:00:01:628,
217,Receive,,Ext / Data,0xEF82010,1,00  ,00:00:01:629,
218,Receive,,Ext / Data,0x12F87811,1,00  ,00:00:01:629,
219,Receive,,Ext / Data,0x12F84812,1,00  ,00:00:01:630,
220,Receive,,Ext / Data,0x12F81D10,5,00  00  00  00  01  ,00:00:01:637,
221,Receive,,Ext / Data,0x12F81E10,5,00  00  00  00  01  ,00:00:01:638,
222,Receive,,Ext / Data,0x12F83010,1,80  ,00:00:01:639,
223,Receive,,Ext / Data,0x12F85050,5,00  03  1A  00  00  ,00:00:01:641,
224,Receive,,Ext / Data,0x12F84010,1,00  ,00:00:01:647,
225,Receive,,Ext / Data,0x16F97550,8,FF  E0  00  00  00  00  00  00  ,00:00:01:661,
226,Receive,,Ext / Data,0x12F85C50,1,00  ,00:00:01:662,
227,Receive,,Ext / Data,0x16F86250,8,01  35  46  4E  52  4C  35  00  ,00:00:01:663,
228,Receive,,Ext / Data,0x16F86C50,8,04  47  36  AF  1F  C7  D9  00  ,00:00:01:671,
229,Receive,,Ext / Data,0x16F83D33,1,00  ,00:00:01:682,
230,Receive,,Ext / Data,0xEF87310,4,D8  01  01  40  ,00:00:01:687,
231,Receive,,Ext / Data,0x16F86D50,8,0A  C1  56  13  1F  40  00  00  ,00:00:01:711,
232,Receive,,Ext / Data,0xEF83633,2,00  00  ,00:00:01:734,
233,Receive,,Ext / Data,0xAF87010,2,00  00  ,00:00:01:736,
234,Receive,,Ext / Data,0xEF95251,8,01  C4  C4  F0  00  C0  C6  FE  ,00:00:01:738,
235,Receive,,Ext / Data,0xEF81496,1,00  ,00:00:01:738,
236,Receive,,Ext / Data,0x12F85050,5,00  03  23  00  00  ,00:00:01:740,
237,Receive,,Ext / Data,0xEF83F31,2,80  00  ,00:00:01:741,
238,Receive,,Ext / Data,0x12F81010,4,28  00  80  00  ,00:00:01:746,
239,Receive,,Ext / Data,0x12F85351,8,00  01  00  00  00  00  98  90  ,00:00:01:791,
240,Receive,,Ext / Data,0x12F85150,5,40  01  00  00  40  ,00:00:01:800,
241,Receive,,Ext / Data,0x16F83B31,1,00  ,00:00:01:810,
242,Receive,,Ext / Data,0x12F85050,5,00  03  1C  00  00  ,00:00:01:839,
243,Receive,,Ext / Data,0x12F83496,1,20  ,00:00:01:883,
244,Receive,,Ext / Data,0x12F85450,2,16  36  ,00:00:01:899,
245,Receive,,Ext / Data,0x12F85250,4,67  00  C9  85  ,00:00:01:899,
246,Receive,,Ext / Data,0x1610FF51,0,,00:00:01:901,
247,Receive,,Ext / Data,0xAF81111,2,08  00  ,00:00:01:907,
248,Receive,,Ext / Data,0x12F81C12,1,00  ,00:00:01:917,
249,Receive,,Ext / Data,0x12F84112,1,00  ,00:00:01:918,
250,Receive,,Ext / Data,0x12F84212,1,00  ,00:00:01:919,
251,Receive,,Ext / Data,0x12F84312,1,00  ,00:00:01:920,
252,Receive,,Ext / Data,0x12F84712,1,00  ,00:00:01:921,
253,Receive,,Ext / Data,0xAF87110,3,00  00  00  ,00:00:01:924,
254,Receive,,Ext / Data,0xEF81510,1,02  ,00:00:01:925,
255,Receive,,Ext / Data,0xEF82010,1,00  ,00:00:01:926,
256,Receive,,Ext / Data,0x12F87811,1,00  ,00:00:01:927,
257,Receive,,Ext / Data,0x12F84812,1,00  ,00:00:01:927,
258,Receive,,Ext / Data,0x12F81D10,5,00  00  00  00  01  ,00:00:01:935,
259,Receive,,Ext / Data,0x12F81E10,5,00  00  00  00  01  ,00:00:01:935,
260,Receive,,Ext / Data,0x12F8B0A2,1,00  ,00:00:01:936,
261,Receive,,Ext / Data,0x12F83010,1,80  ,00:00:01:937,
262,Receive,,Ext / Data,0x12F85050,5,00  03  21  00  00  ,00:00:01:938,
263,Receive,,Ext / Data,0x12F84010,1,00  ,00:00:01:944,
264,Receive,,Ext / Data,0x16F97550,8,FF  E0  00  00  00  00  00  00  ,00:00:01:958,
265,Receive,,Ext / Data,0x12F85C50,1,00  ,00:00:01:959,
266,Receive,,Ext / Data,0x16F86250,8,02  48  36  36  43  42  30  00  ,00:00:01:960,
267,Receive,,Ext / Data,0x1610FF50,0,,00:00:01:967,
268,Receive,,Ext / Data,0x16F86C50,8,04  47  36  AF  1F  C7  D9  00  ,00:00:01:968,
269,Receive,,Ext / Data,0x16F83D33,1,00  ,00:00:01:979,
270,Receive,,Ext / Data,0xEF87310,4,D8  01  01  40  ,00:00:01:984,
271,Receive,,Ext / Data,0x16F86D50,8,0A  C1  56  13  1F  40  00  00  ,00:00:02:008,
272,Receive,,Ext / Data,0xEF83633,2,00  00  ,00:00:02:031,
273,Receive,,Ext / Data,0xAF87010,2,00  00  ,00:00:02:033,
274,Receive,,Ext / Data,0xEF95251,8,01  C4  C4  F0  00  C0  C6  FE  ,00:00:02:037,
275,Receive,,Ext / Data,0xEF81496,1,00  ,00:00:02:037,
276,Receive,,Ext / Data,0x12F85050,5,00  03  19  00  00  ,00:00:02:038,
277,Receive,,Ext / Data,0xEF83F31,2,80  00  ,00:00:02:043,
278,Receive,,Ext / Data,0x12F81010,4,28  00  80  00  ,00:00:02:044,
279,Receive,,Ext / Data,0x12F85351,8,00  01  00  00  00  00  98  90  ,00:00:02:090,
280,Receive,,Ext / Data,0x12F85150,5,40  01  00  00  40  ,00:00:02:097,
281,Receive,,Ext / Data,0x16F83B31,1,00  ,00:00:02:112,
282,Receive,,Ext / Data,0x12F85050,5,00  03  18  00  00  ,00:00:02:136,
283,Receive,,Ext / Data,0x1610FF55,0,,00:00:02:173,
284,Receive,,Ext / Data,0x12F83496,1,20  ,00:00:02:183,
285,Receive,,Ext / Data,0x12F85450,2,16  36  ,00:00:02:195,
286,Receive,,Ext / Data,0xAF81111,2,08  00  ,00:00:02:204,
287,Receive,,Ext / Data,0x12F81C12,1,00  ,00:00:02:214,
288,Receive,,Ext / Data,0x12F84112,1,00  ,00:00:02:215,
289,Receive,,Ext / Data,0x12F84212,1,00  ,00:00:02:216,
290,Receive,,Ext / Data,0x12F84312,1,00  ,00:00:02:217,
291,Receive,,Ext / Data,0x12F84712,1,00  ,00:00:02:218,
292,Receive,,Ext / Data,0xAF87110,3,00  00  00  ,00:00:02:221,
293,Receive,,Ext / Data,0xEF81510,1,02  ,00:00:02:222,
294,Receive,,Ext / Data,0xEF82010,1,00  ,00:00:02:223,
295,Receive,,Ext / Data,0x12F84812,1,00  ,00:00:02:224,
296,Receive,,Ext / Data,0x12F87811,1,00  ,00:00:02:224,
297,Receive,,Ext / Data,0x12F81D10,5,00  00  00  00  01  ,00:00:02:232,
298,Receive,,Ext / Data,0x12F81E10,5,00  00  00  00  01  ,00:00:02:233,
299,Receive,,Ext / Data,0x12F83010,1,80  ,00:00:02:233,
300,Receive,,Ext / Data,0x12F85050,5,00  03  15  00  00  ,00:00:02:235,
301,Receive,,Ext / Data,0x12F84010,1,00  ,00:00:02:241,
302,Receive,,Ext / Data,0x1610FF11,0,,00:00:02:243,
303,Receive,,Ext / Data,0x1610FF96,0,,00:00:02:252,
304,Receive,,Ext / Data,0x16F97550,8,FF  E0  00  00  00  00  00  00  ,00:00:02:255,
305,Receive,,Ext / Data,0x12F85C50,1,00  ,00:00:02:256,
306,Receive,,Ext / Data,0x16F86250,8,03  30  31  37  35  39  00  00  ,00:00:02:257,
307,Receive,,Ext / Data,0x16F86C50,8,04  47  36  AF  1F  C7  D9  00  ,00:00:02:265,
308,Receive,,Ext / Data,0x16F83E34,1,00  ,00:00:02:266,
309,Receive,,Ext / Data,0x1610FF10,0,,00:00:02:271,
310,Receive,,Ext / Data,0x1610FF12,0,,00:00:02:273,
311,Receive,,Ext / Data,0x1610FF33,0,,00:00:02:274,
312,Receive,,Ext / Data,0x1610FF34,0,,00:00:02:274,
313,Receive,,Ext / Data,0x16F83D33,1,00  ,00:00:02:277,
314,Receive,,Ext / Data,0xEF87310,4,D8  01  01  40  ,00:00:02:281,
315,Receive,,Ext / Data,0x16F86D50,8,0A  C1  56  13  1F  40  00  00  ,00:00:02:305,
316,Receive,,Ext / Data,0x1610FF31,0,,00:00:02:325,
317,Receive,,Ext / Data,0xEF83633,2,00  00  ,00:00:02:328,
318,Receive,,Ext / Data,0xAF87010,2,00  00  ,00:00:02:330,
319,Receive,,Ext / Data,0x12F85050,5,00  03  1F  00  00  ,00:00:02:334,
320,Receive,,Ext / Data,0xEF95251,8,01  C4  C4  F0  00  C0  C6  FE  ,00:00:02:336,
321,Receive,,Ext / Data,0xEF81496,1,00  ,00:00:02:337,
322,Receive,,Ext / Data,0x12F81010,4,28  00  80  00  ,00:00:02:340,
323,Receive,,Ext / Data,0xEF83F31,2,80  00  ,00:00:02:345,
324,Receive,,Ext / Data,0x12F82296,1,80  ,00:00:02:346,
325,Receive,,Ext / Data,0x12F85351,8,00  01  00  00  00  00  98  50  ,00:00:02:389,
326,Receive,,Ext / Data,0x12F85150,5,40  01  00  00  40  ,00:00:02:394,
327,Receive,,Ext / Data,0x16F83B31,1,00  ,00:00:02:414,
328,Receive,,Ext / Data,0x12F85050,5,00  03  14  00  00  ,00:00:02:434,
329,Receive,,Ext / Data,0x1610FFA2,0,,00:00:02:440,
330,Receive,,Ext / Data,0x12F83496,1,20  ,00:00:02:483,
331,Receive,,Ext / Data,0x12F85450,2,16  36  ,00:00:02:492,
332,Receive,,Ext / Data,0xAF81111,2,08  00  ,00:00:02:501,
333,Receive,,Ext / Data,0x12F81C12,1,00  ,00:00:02:511,
334,Receive,,Ext / Data,0x12F84112,1,00  ,00:00:02:512,
335,Receive,,Ext / Data,0x12F84212,1,00  ,00:00:02:513,
336,Receive,,Ext / Data,0x12F84312,1,00  ,00:00:02:514,
337,Receive,,Ext / Data,0x12F84712,1,00  ,00:00:02:515,
338,Receive,,Ext / Data,0xAF87110,3,00  00  00  ,00:00:02:519,
339,Receive,,Ext / Data,0xEF81510,1,02  ,00:00:02:519,
340,Receive,,Ext / Data,0xEF82010,1,00  ,00:00:02:520,
341,Receive,,Ext / Data,0x12F84812,1,00  ,00:00:02:521,
342,Receive,,Ext / Data,0x12F87811,1,00  ,00:00:02:521,
343,Receive,,Ext / Data,0x12F81D10,5,00  00  00  00  01  ,00:00:02:529,
344,Receive,,Ext / Data,0x12F81E10,5,00  00  00  00  01  ,00:00:02:530,
345,Receive,,Ext / Data,0x12F83010,1,80  ,00:00:02:530,
346,Receive,,Ext / Data,0x12F85050,5,00  03  0E  00  00  ,00:00:02:532,
347,Receive,,Ext / Data,0x12F84010,1,00  ,00:00:02:538,
348,Receive,,Ext / Data,0x16F97550,8,FF  E0  00  00  00  00  00  00  ,00:00:02:553,
349,Receive,,Ext / Data,0x12F85C50,1,00  ,00:00:02:553,
350,Receive,,Ext / Data,0x16F86250,8,00  00  00  00  04  00  00  00  ,00:00:02:554,
351,Receive,,Ext / Data,0x16F86C50,8,04  47  36  AF  1F  C7  D9  00  ,00:00:02:562,
352,Receive,,Ext / Data,0x16F83D33,1,00  ,00:00:02:573,
353,Receive,,Ext / Data,0xEF87310,4,D8  01  01  40  ,00:00:02:578,
354,Receive,,Ext / Data,0x16F86D50,8,0A  C1  56  13  1F  40  00  00  ,00:00:02:602,
355,Receive,,Ext / Data,0xEF83633,2,00  00  ,00:00:02:625,
356,Receive,,Ext / Data,0xAF87010,2,00  00  ,00:00:02:627,
357,Receive,,Ext / Data,0x12F85050,5,00  03  1C  00  00  ,00:00:02:631,
358,Receive,,Ext / Data,0xEF95251,8,01  C4  C4  F0  00  C0  C6  FE  ,00:00:02:635,
359,Receive,,Ext / Data,0xEF81496,1,00  ,00:00:02:636,
360,Receive,,Ext / Data,0x12F81010,4,28  00  80  00  ,00:00:02:637,
361,Receive,,Ext / Data,0xEF83F31,2,80  00  ,00:00:02:647,
362,Receive,,Ext / Data,0x12F85351,8,00  01  00  00  00  00  98  50  ,00:00:02:688,
363,Receive,,Ext / Data,0x12F85150,5,40  01  00  00  40  ,00:00:02:691,
364,Receive,,Ext / Data,0x16F83B31,1,00  ,00:00:02:716,
365,Receive,,Ext / Data,0x12F85050,5,00  03  14  00  00  ,00:00:02:730,
366,Receive,,Ext / Data,0x12F83496,1,20  ,00:00:02:782,
367,Receive,,Ext / Data,0x12F85450,2,16  36  ,00:00:02:790,
368,Receive,,Ext / Data,0xAF81111,2,08  00  ,00:00:02:798,
369,Receive,,Ext / Data,0x12F81C12,1,00  ,00:00:02:808,
370,Receive,,Ext / Data,0x12F84112,1,00  ,00:00:02:809,
371,Receive,,Ext / Data,0x12F84212,1,00  ,00:00:02:810,
372,Receive,,Ext / Data,0x12F84312,1,00  ,00:00:02:811,
373,Receive,,Ext / Data,0x12F84712,1,00  ,00:00:02:812,
374,Receive,,Ext / Data,0xAF87110,3,00  00  00  ,00:00:02:816,
375,Receive,,Ext / Data,0xEF81510,1,02  ,00:00:02:816,
376,Receive,,Ext / Data,0xEF82010,1,00  ,00:00:02:817,
377,Receive,,Ext / Data,0x12F84812,1,00  ,00:00:02:818,
378,Receive,,Ext / Data,0x12F87811,1,00  ,00:00:02:818,
379,Receive,,Ext / Data,0x12F81D10,5,00  00  00  00  01  ,00:00:02:826,
380,Receive,,Ext / Data,0x12F81E10,5,00  00  00  00  01  ,00:00:02:827,
381,Receive,,Ext / Data,0x12F83010,1,80  ,00:00:02:827,
382,Receive,,Ext / Data,0x12F85050,5,00  03  15  00  00  ,00:00:02:830,
383,Receive,,Ext / Data,0x12F84010,1,00  ,00:00:02:835,
384,Receive,,Ext / Data,0x16F97550,8,FF  E0  00  00  00  00  00  00  ,00:00:02:850,
385,Receive,,Ext / Data,0x12F85C50,1,00  ,00:00:02:850,
386,Receive,,Ext / Data,0x16F86250,8,01  35  46  4E  52  4C  35  00  ,00:00:02:851,
387,Receive,,Ext / Data,0x16F86C50,8,04  47  36  AF  1F  C7  D9  00  ,00:00:02:859,
388,Receive,,Ext / Data,0x16F83D33,1,00  ,00:00:02:870,
389,Receive,,Ext / Data,0xEF87310,4,D8  01  01  40  ,00:00:02:875,
390,Receive,,Ext / Data,0x12F85250,4,66  00  C9  85  ,00:00:02:889,
391,Receive,,Ext / Data,0x1610FF51,0,,00:00:02:893,
392,Receive,,Ext / Data,0x16F86D50,8,0A  C1  56  13  1F  40  00  00  ,00:00:02:899,
393,Receive,,Ext / Data,0xEF83633,2,00  00  ,00:00:02:922,
394,Receive,,Ext / Data,0xAF87010,2,00  00  ,00:00:02:924,
395,Receive,,Ext / Data,0x12F85050,5,00  03  1D  00  00  ,00:00:02:928,
396,Receive,,Ext / Data,0x12F8B0A2,1,00  ,00:00:02:930,
397,Receive,,Ext / Data,0xEF95251,8,01  C4  C4  F0  00  C0  C6  FE  ,00:00:02:934,
398,Receive,,Ext / Data,0x12F81010,4,28  00  80  00  ,00:00:02:935,
399,Receive,,Ext / Data,0xEF81496,1,00  ,00:00:02:936,
400,Receive,,Ext / Data,0xEF83F31,2,80  00  ,00:00:02:949,
401,Receive,,Ext / Data,0x1610FF50,0,,00:00:02:960,
402,Receive,,Ext / Data,0x12F85351,8,00  01  00  00  00  00  98  50  ,00:00:02:987,
403,Receive,,Ext / Data,0x12F85150,5,40  01  00  00  40  ,00:00:02:988,
404,Receive,,Ext / Data,0x16F83B31,1,00  ,00:00:03:018,
405,Receive,,Ext / Data,0x12F85050,5,00  03  18  00  00  ,00:00:03:027,
406,Receive,,Ext / Data,0x12F83496,1,20  ,00:00:03:082,
407,Receive,,Ext / Data,0x12F85450,2,16  36  ,00:00:03:087,
408,Receive,,Ext / Data,0xAF81111,2,08  00  ,00:00:03:095,
409,Receive,,Ext / Data,0x12F81C12,1,00  ,00:00:03:105,
410,Receive,,Ext / Data,0x12F84112,1,00  ,00:00:03:106,
411,Receive,,Ext / Data,0x12F84212,1,00  ,00:00:03:107,
412,Receive,,Ext / Data,0x12F84312,1,00  ,00:00:03:108,
413,Receive,,Ext / Data,0x12F84712,1,00  ,00:00:03:109,
414,Receive,,Ext / Data,0xAF87110,3,00  00  00  ,00:00:03:113,
415,Receive,,Ext / Data,0xEF81510,1,02  ,00:00:03:113,
416,Receive,,Ext / Data,0xEF82010,1,00  ,00:00:03:114,
417,Receive,,Ext / Data,0x12F84812,1,00  ,00:00:03:115,
418,Receive,,Ext / Data,0x12F87811,1,00  ,00:00:03:115,
419,Receive,,Ext / Data,0x12F81D10,5,00  00  00  00  01  ,00:00:03:123,
420,Receive,,Ext / Data,0x12F81E10,5,00  00  00  00  01  ,00:00:03:124,
421,Receive,,Ext / Data,0x12F83010,1,80  ,00:00:03:124,
422,Receive,,Ext / Data,0x12F85050,5,00  03  1B  00  00  ,00:00:03:126,
423,Receive,,Ext / Data,0x12F84010,1,00  ,00:00:03:132,
424,Receive,,Ext / Data,0x16F97550,8,FF  E0  00  00  00  00  00  00  ,00:00:03:147,
425,Receive,,Ext / Data,0x12F85C50,1,00  ,00:00:03:147,
426,Receive,,Ext / Data,0x16F86250,8,02  48  36  36  43  42  30  00  ,00:00:03:148,
427,Receive,,Ext / Data,0x16F86C50,8,04  47  36  AF  1F  C7  D9  00  ,00:00:03:156,
428,Receive,,Ext / Data,0x16F83D33,1,00  ,00:00:03:167,
429,Receive,,Ext / Data,0x1610FF55,0,,00:00:03:168,
430,Receive,,Ext / Data,0xEF87310,4,D8  01  01  40  ,00:00:03:172,
431,Receive,,Ext / Data,0x16F86D50,8,0A  C1  56  13  1F  40  00  00  ,00:00:03:196,
432,Receive,,Ext / Data,0xEF83633,2,00  00  ,00:00:03:219,
433,Receive,,Ext / Data,0xAF87010,2,00  00  ,00:00:03:221,
434,Receive,,Ext / Data,0x12F85050,5,00  03  1D  00  00  ,00:00:03:225,
435,Receive,,Ext / Data,0x12F81010,4,28  00  80  00  ,00:00:03:232,
436,Receive,,Ext / Data,0xEF95251,8,01  C4  C4  F0  00  C0  C6  FE  ,00:00:03:233,
437,Receive,,Ext / Data,0x1610FF11,0,,00:00:03:234,
438,Receive,,Ext / Data,0xEF81496,1,00  ,00:00:03:236,
439,Receive,,Ext / Data,0x1610FF96,0,,00:00:03:242,
440,Receive,,Ext / Data,0xEF83F31,2,80  00  ,00:00:03:251,
441,Receive,,Ext / Data,0x16F83E34,1,00  ,00:00:03:256,
442,Receive,,Ext / Data,0x1610FF10,0,,00:00:03:261,
443,Receive,,Ext / Data,0x1610FF33,0,,00:00:03:263,
444,Receive,,Ext / Data,0x1610FF12,0,,00:00:03:263,
445,Receive,,Ext / Data,0x1610FF34,0,,00:00:03:264,
446,Receive,,Ext / Data,0x12F85150,5,40  01  00  00  40  ,00:00:03:285,
447,Receive,,Ext / Data,0x12F85351,8,00  01  00  00  00  00  98  50  ,00:00:03:286,
448,Receive,,Ext / Data,0x1610FF31,0,,00:00:03:320,
449,Receive,,Ext / Data,0x12F85050,5,00  03  1B  00  00  ,00:00:03:325,
450,Receive,,Ext / Data,0x16F83B31,1,00  ,00:00:03:325,
451,Receive,,Ext / Data,0x12F82296,1,80  ,00:00:03:333,
452,Receive,,Ext / Data,0x12F83496,1,20  ,00:00:03:382,
453,Receive,,Ext / Data,0x12F85450,2,16  36  ,00:00:03:384,
454,Receive,,Ext / Data,0xAF81111,2,08  00  ,00:00:03:392,
455,Receive,,Ext / Data,0x12F81C12,1,00  ,00:00:03:402,
456,Receive,,Ext / Data,0x12F84112,1,00  ,00:00:03:403,
457,Receive,,Ext / Data,0x12F84212,1,00  ,00:00:03:404,
458,Receive,,Ext / Data,0x12F84312,1,00  ,00:00:03:405,
459,Receive,,Ext / Data,0x12F84712,1,00  ,00:00:03:406,
460,Receive,,Ext / Data,0xAF87110,3,00  00  00  ,00:00:03:410,
461,Receive,,Ext / Data,0xEF81510,1,02  ,00:00:03:410,
462,Receive,,Ext / Data,0xEF82010,1,00  ,00:00:03:411,
463,Receive,,Ext / Data,0x12F84812,1,00  ,00:00:03:412,
464,Receive,,Ext / Data,0x12F87811,1,00  ,00:00:03:412,
465,Receive,,Ext / Data,0x12F81D10,5,00  00  00  00  01  ,00:00:03:420,
466,Receive,,Ext / Data,0x12F81E10,5,00  00  00  00  01  ,00:00:03:421,
467,Receive,,Ext / Data,0x12F83010,1,80  ,00:00:03:421,
468,Receive,,Ext / Data,0x12F85050,5,00  03  13  00  00  ,00:00:03:424,
469,Receive,,Ext / Data,0x12F84010,1,00  ,00:00:03:429,
470,Receive,,Ext / Data,0x1610FFA2,0,,00:00:03:434,
471,Receive,,Ext / Data,0x16F97550,8,FF  E0  00  00  00  00  00  00  ,00:00:03:444,
472,Receive,,Ext / Data,0x12F85C50,1,00  ,00:00:03:444,
473,Receive,,Ext / Data,0x16F86250,8,03  30  31  37  35  39  00  00  ,00:00:03:445,
474,Receive,,Ext / Data,0x16F86C50,8,04  47  36  AF  1F  C7  D9  00  ,00:00:03:454,
475,Receive,,Ext / Data,0x16F83D33,1,00  ,00:00:03:465,
476,Receive,,Ext / Data,0xEF87310,4,D8  01  01  40  ,00:00:03:469,
477,Receive,,Ext / Data,0x16F86D50,8,0A  C1  56  13  1F  40  00  00  ,00:00:03:493,
478,Receive,,Ext / Data,0xEF83633,2,00  00  ,00:00:03:516,
479,Receive,,Ext / Data,0xAF87010,2,00  00  ,00:00:03:519,
480,Receive,,Ext / Data,0x12F85050,5,00  03  1C  00  00  ,00:00:03:523,
481,Receive,,Ext / Data,0x12F81010,4,28  00  80  00  ,00:00:03:529,
482,Receive,,Ext / Data,0xEF95251,8,01  C4  C4  F0  00  C0  C6  FE  ,00:00:03:532,
483,Receive,,Ext / Data,0xEF81496,1,00  ,00:00:03:536,
484,Receive,,Ext / Data,0xEF83F31,2,80  00  ,00:00:03:553,
485,Receive,,Ext / Data,0x12F85150,5,40  01  00  00  40  ,00:00:03:582,
486,Receive,,Ext / Data,0x12F85351,8,00  01  00  00  00  00  98  50  ,00:00:03:585,
487,Receive,,Ext / Data,0x12F85050,5,00  03  17  00  00  ,00:00:03:622,
488,Receive,,Ext / Data,0x16F83B31,1,00  ,00:00:03:627,
489,Receive,,Ext / Data,0x12F85450,2,16  36  ,00:00:03:681,
490,Receive,,Ext / Data,0x12F83496,1,20  ,00:00:03:682,
491,Receive,,Ext / Data,0xAF81111,2,08  00  ,00:00:03:689,
492,Receive,,Ext / Data,0x12F81C12,1,00  ,00:00:03:699,
493,Receive,,Ext / Data,0x12F84112,1,00  ,00:00:03:700,
494,Receive,,Ext / Data,0x12F84212,1,00  ,00:00:03:701,
495,Receive,,Ext / Data,0x12F84312,1,00  ,00:00:03:702,
496,Receive,,Ext / Data,0x12F84712,1,00  ,00:00:03:703,
497,Receive,,Ext / Data,0xAF87110,3,00  00  00  ,00:00:03:707,
498,Receive,,Ext / Data,0xEF81510,1,02  ,00:00:03:707,
499,Receive,,Ext / Data,0xEF82010,1,00  ,00:00:03:708,
500,Receive,,Ext / Data,0x12F84812,1,00  ,00:00:03:709,
501,Receive,,Ext / Data,0x12F87811,1,00  ,00:00:03:709,
502,Receive,,Ext / Data,0x12F81D10,5,00  00  00  00  01  ,00:00:03:717,
503,Receive,,Ext / Data,0x12F81E10,5,00  00  00  00  01  ,00:00:03:718,
504,Receive,,Ext / Data,0x12F83010,1,80  ,00:00:03:718,
505,Receive,,Ext / Data,0x12F85050,5,00  03  15  00  00  ,00:00:03:721,
506,Receive,,Ext / Data,0x12F84010,1,00  ,00:00:03:726,
507,Receive,,Ext / Data,0x16F97550,8,FF  E0  00  00  00  00  00  00  ,00:00:03:741,
508,Receive,,Ext / Data,0x12F85C50,1,00  ,00:00:03:741,
509,Receive,,Ext / Data,0x16F86250,8,00  00  00  00  04  00  00  00  ,00:00:03:742,
510,Receive,,Ext / Data,0x16F86C50,8,04  47  36  AF  1F  C7  D9  00  ,00:00:03:750,
511,Receive,,Ext / Data,0x16F83D33,1,00  ,00:00:03:761,
512,Receive,,Ext / Data,0xEF87310,4,D8  01  01  40  ,00:00:03:766,
513,Receive,,Ext / Data,0x16F86D50,8,0A  C1  56  13  1F  40  00  00  ,00:00:03:790,
514,Receive,,Ext / Data,0xEF83633,2,00  00  ,00:00:03:813,
515,Receive,,Ext / Data,0xAF87010,2,00  00  ,00:00:03:816,
516,Receive,,Ext / Data,0x12F85050,5,00  03  16  00  00  ,00:00:03:820,
517,Receive,,Ext / Data,0x12F81010,4,28  00  80  00  ,00:00:03:826,
518,Receive,,Ext / Data,0xEF95251,8,01  C4  C4  F0  00  C0  C6  FE  ,00:00:03:831,
519,Receive,,Ext / Data,0xEF81496,1,00  ,00:00:03:835,
520,Receive,,Ext / Data,0xEF83F31,2,80  00  ,00:00:03:855,
521,Receive,,Ext / Data,0xAF87010,2,02  00  ,00:00:03:855,
522,Receive,,Ext / Data,0xAF81111,2,01  00  ,00:00:03:858,
523,Receive,,Ext / Data,0x12F85150,5,40  01  00  00  40  ,00:00:03:879,
524,Receive,,Ext / Data,0x12F85250,4,66  00  C9  85  ,00:00:03:880,
525,Receive,,Ext / Data,0x1610FF51,0,,00:00:03:884,
526,Receive,,Ext / Data,0x12F85351,8,00  01  00  00  00  00  98  50  ,00:00:03:885,
527,Receive,,Ext / Data,0x12F85050,5,00  03  19  00  00  ,00:00:03:919,
528,Receive,,Ext / Data,0x12F8B0A2,1,00  ,00:00:03:924,
529,Receive,,Ext / Data,0x16F83B31,1,00  ,00:00:03:929,
530,Receive,,Ext / Data,0x1610FF50,0,,00:00:03:954,
531,Receive,,Ext / Data,0x12F85450,2,16  36  ,00:00:03:978,
532,Receive,,Ext / Data,0x12F83496,1,20  ,00:00:03:981,
533,Receive,,Ext / Data,0x12F81C12,1,00  ,00:00:03:996,
534,Receive,,Ext / Data,0x12F84112,1,00  ,00:00:03:997,
535,Receive,,Ext / Data,0x12F84212,1,00  ,00:00:03:998,
536,Receive,,Ext / Data,0x12F84312,1,00  ,00:00:03:999,
537,Receive,,Ext / Data,0x12F84712,1,00  ,00:00:04:000,
538,Receive,,Ext / Data,0xAF87110,3,00  00  00  ,00:00:04:004,
539,Receive,,Ext / Data,0xEF81510,1,02  ,00:00:04:004,
540,Receive,,Ext / Data,0xEF82010,1,00  ,00:00:04:005,
541,Receive,,Ext / Data,0x12F84812,1,00  ,00:00:04:006,
542,Receive,,Ext / Data,0x12F87811,1,00  ,00:00:04:007,
543,Receive,,Ext / Data,0x12F81D10,5,00  00  00  00  01  ,00:00:04:014,
544,Receive,,Ext / Data,0x12F81E10,5,00  00  00  00  01  ,00:00:04:015,
545,Receive,,Ext / Data,0x12F83010,1,80  ,00:00:04:015,
546,Receive,,Ext / Data,0x12F85050,5,00  03  0E  00  00  ,00:00:04:018,
547,Receive,,Ext / Data,0x12F84010,1,00  ,00:00:04:023,
548,Receive,,Ext / Data,0x16F97550,8,FF  E0  00  00  00  00  00  00  ,00:00:04:038,
549,Receive,,Ext / Data,0x12F85C50,1,00  ,00:00:04:038,
550,Receive,,Ext / Data,0x16F86250,8,01  35  46  4E  52  4C  35  00  ,00:00:04:040,
551,Receive,,Ext / Data,0x16F86C50,8,04  47  36  AF  1F  C7  D9  00  ,00:00:04:048,
552,Receive,,Ext / Data,0x16F83D33,1,00  ,00:00:04:058,
553,Receive,,Ext / Data,0xEF87310,4,D8  01  01  80  ,00:00:04:063,
554,Receive,,Ext / Data,0x16F86D50,8,0A  C1  56  13  1F  40  00  00  ,00:00:04:087,
555,Receive,,Ext / Data,0xEF83633,2,00  00  ,00:00:04:110,
556,Receive,,Ext / Data,0x12F85050,5,00  03  13  00  00  ,00:00:04:117,
557,Receive,,Ext / Data,0x12F81010,4,28  00  80  00  ,00:00:04:123,
558,Receive,,Ext / Data,0xEF95251,8,01  C4  C4  F0  00  C0  C6  FE  ,00:00:04:130,
559,Receive,,Ext / Data,0xEF81496,1,00  ,00:00:04:135,
560,Receive,,Ext / Data,0xAF87010,2,02  00  ,00:00:04:152,
561,Receive,,Ext / Data,0xAF81111,2,01  00  ,00:00:04:155,
562,Receive,,Ext / Data,0xEF83F31,2,80  00  ,00:00:04:157,
563,Receive,,Ext / Data,0x1610FF55,0,,00:00:04:161,
564,Receive,,Ext / Data,0x12F85150,5,40  01  00  00  40  ,00:00:04:176,
565,Receive,,Ext / Data,0x12F85351,8,00  01  00  00  00  00  98  50  ,00:00:04:184,
566,Receive,,Ext / Data,0x12F85050,5,00  03  12  00  00  ,00:00:04:216,
567,Receive,,Ext / Data,0x1610FF11,0,,00:00:04:224,
568,Receive,,Ext / Data,0x16F83B31,1,00  ,00:00:04:231,
569,Receive,,Ext / Data,0x1610FF96,0,,00:00:04:232,
570,Receive,,Ext / Data,0x16F83E34,1,00  ,00:00:04:246,
571,Receive,,Ext / Data,0x1610FF10,0,,00:00:04:251,
572,Receive,,Ext / Data,0x1610FF34,0,,00:00:04:253,
573,Receive,,Ext / Data,0x1610FF12,0,,00:00:04:254,
574,Receive,,Ext / Data,0x1610FF33,0,,00:00:04:255,
575,Receive,,Ext / Data,0x12F85450,2,16  36  ,00:00:04:275,
576,Receive,,Ext / Data,0x12F83496,1,20  ,00:00:04:281,
577,Receive,,Ext / Data,0x12F81C12,1,00  ,00:00:04:293,
578,Receive,,Ext / Data,0x12F84112,1,00  ,00:00:04:294,
579,Receive,,Ext / Data,0x12F84212,1,00  ,00:00:04:295,
580,Receive,,Ext / Data,0x12F84312,1,00  ,00:00:04:296,
581,Receive,,Ext / Data,0x12F84712,1,00  ,00:00:04:297,
582,Receive,,Ext / Data,0xAF87110,3,00  00  00  ,00:00:04:301,
583,Receive,,Ext / Data,0xEF81510,1,02  ,00:00:04:301,
584,Receive,,Ext / Data,0xEF82010,1,00  ,00:00:04:302,
585,Receive,,Ext / Data,0x12F84812,1,00  ,00:00:04:303,
586,Receive,,Ext / Data,0x12F87811,1,00  ,00:00:04:304,
587,Receive,,Ext / Data,0x12F81D10,5,00  00  00  00  01  ,00:00:04:311,
588,Receive,,Ext / Data,0x12F81E10,5,00  00  00  00  01  ,00:00:04:312,
589,Receive,,Ext / Data,0x12F83010,1,80  ,00:00:04:312,
590,Receive,,Ext / Data,0x12F85050,5,00  03  12  00  00  ,00:00:04:315,
591,Receive,,Ext / Data,0x1610FF31,0,,00:00:04:315,
592,Receive,,Ext / Data,0x12F84010,1,00  ,00:00:04:320,
593,Receive,,Ext / Data,0x12F82296,1,80  ,00:00:04:322,
594,Receive,,Ext / Data,0x16F97550,8,FF  E0  00  00  00  00  00  00  ,00:00:04:335,
595,Receive,,Ext / Data,0x12F85C50,1,00  ,00:00:04:336,
596,Receive,,Ext / Data,0x16F86250,8,02  48  36  36  43  42  30  00  ,00:00:04:337,
597,Receive,,Ext / Data,0x16F86C50,8,04  47  36  AF  1F  C7  D9  00  ,00:00:04:345,
598,Receive,,Ext / Data,0x16F83D33,1,00  ,00:00:04:356,
599,Receive,,Ext / Data,0xEF87310,4,D8  01  01  80  ,00:00:04:360,
600,Receive,,Ext / Data,0x16F86D50,8,0A  C1  56  13  1F  40  00  00  ,00:00:04:384,
601,Receive,,Ext / Data,0xEF83633,2,00  00  ,00:00:04:407,
602,Receive,,Ext / Data,0x12F85050,5,00  03  12  00  00  ,00:00:04:414,
603,Receive,,Ext / Data,0x12F81010,4,28  00  80  00  ,00:00:04:420,
604,Receive,,Ext / Data,0xEF95251,8,01  C4  C4  F0  00  C0  C6  FE  ,00:00:04:429,
605,Receive,,Ext / Data,0x1610FFA2,0,,00:00:04:430,
606,Receive,,Ext / Data,0xEF81496,1,00  ,00:00:04:435,
607,Receive,,Ext / Data,0xAF87010,2,02  00  ,00:00:04:449,
608,Receive,,Ext / Data,0xAF81111,2,01  00  ,00:00:04:452,
609,Receive,,Ext / Data,0xEF83F31,2,80  00  ,00:00:04:459,
610,Receive,,Ext / Data,0x12F85150,5,40  01  00  00  40  ,00:00:04:473,
611,Receive,,Ext / Data,0x12F85351,8,00  01  00  00  00  00  98  50  ,00:00:04:483,
612,Receive,,Ext / Data,0x12F85050,5,00  03  0F  00  00  ,00:00:04:513,
613,Receive,,Ext / Data,0x16F83B31,1,00  ,00:00:04:533,
614,Receive,,Ext / Data,0x12F85450,2,16  36  ,00:00:04:572,
615,Receive,,Ext / Data,0x12F83496,1,20  ,00:00:04:581,
616,Receive,,Ext / Data,0x12F81C12,1,00  ,00:00:04:590,
617,Receive,,Ext / Data,0x12F84112,1,00  ,00:00:04:591,
618,Receive,,Ext / Data,0x12F84212,1,00  ,00:00:04:592,
619,Receive,,Ext / Data,0x12F84312,1,00  ,00:00:04:593,
620,Receive,,Ext / Data,0x12F84712,1,00  ,00:00:04:594,
621,Receive,,Ext / Data,0xAF87110,3,00  00  00  ,00:00:04:598,
622,Receive,,Ext / Data,0xEF81510,1,02  ,00:00:04:599,
623,Receive,,Ext / Data,0xEF82010,1,00  ,00:00:04:599,
624,Receive,,Ext / Data,0x12F84812,1,00  ,00:00:04:600,
625,Receive,,Ext / Data,0x12F87811,1,00  ,00:00:04:601,
626,Receive,,Ext / Data,0x12F81D10,5,00  00  00  00  01  ,00:00:04:608,
627,Receive,,Ext / Data,0x12F81E10,5,00  00  00  00  01  ,00:00:04:609,
628,Receive,,Ext / Data,0x12F83010,1,80  ,00:00:04:610,
629,Receive,,Ext / Data,0x12F85050,5,00  03  10  00  00  ,00:00:04:612,
630,Receive,,Ext / Data,0x12F84010,1,00  ,00:00:04:618,
631,Receive,,Ext / Data,0x16F97550,8,FF  E0  00  00  00  00  00  00  ,00:00:04:632,
632,Receive,,Ext / Data,0x12F85C50,1,00  ,00:00:04:633,
633,Receive,,Ext / Data,0x16F86250,8,03  30  31  37  35  39  00  00  ,00:00:04:634,
634,Receive,,Ext / Data,0x16F86C50,8,04  47  36  AF  1F  C7  D9  00  ,00:00:04:642,
635,Receive,,Ext / Data,0x16F83D33,1,00  ,00:00:04:653,
636,Receive,,Ext / Data,0xEF87310,4,D8  01  01  80  ,00:00:04:657,
637,Receive,,Ext / Data,0x16F86D50,8,0A  C1  56  13  1F  40  00  00  ,00:00:04:681,
638,Receive,,Ext / Data,0xEF83633,2,00  00  ,00:00:04:704,
639,Receive,,Ext / Data,0x12F85050,5,00  03  15  00  00  ,00:00:04:711,
640,Receive,,Ext / Data,0x12F81010,4,28  00  80  00  ,00:00:04:717,
641,Receive,,Ext / Data,0xEF95251,8,01  C4  C4  F0  00  C0  C6  FE  ,00:00:04:728,
642,Receive,,Ext / Data,0xEF81496,1,00  ,00:00:04:735,
643,Receive,,Ext / Data,0xAF87010,2,02  00  ,00:00:04:746,
644,Receive,,Ext / Data,0xAF81111,2,01  00  ,00:00:04:749,
645,Receive,,Ext / Data,0xEF83F31,2,80  00  ,00:00:04:761,
646,Receive,,Ext / Data,0x12F85150,5,40  01  00  00  40  ,00:00:04:770,
647,Receive,,Ext / Data,0x12F85351,8,00  01  00  00  00  00  98  50  ,00:00:04:783,
648,Receive,,Ext / Data,0x12F85050,5,00  03  0F  00  00  ,00:00:04:810,
649,Receive,,Ext / Data,0x16F83B31,1,00  ,00:00:04:835,
650,Receive,,Ext / Data,0x12F85450,2,16  36  ,00:00:04:869,
651,Receive,,Ext / Data,0x12F85250,4,66  00  C9  85  ,00:00:04:870,
652,Receive,,Ext / Data,0x1610FF51,0,,00:00:04:875,
653,Receive,,Ext / Data,0x12F83496,1,20  ,00:00:04:880,
654,Receive,,Ext / Data,0x12F81C12,1,00  ,00:00:04:887,
655,Receive,,Ext / Data,0x12F84112,1,00  ,00:00:04:888,
656,Receive,,Ext / Data,0x12F84212,1,00  ,00:00:04:889,
657,Receive,,Ext / Data,0x12F84312,1,00  ,00:00:04:890,
658,Receive,,Ext / Data,0x12F84712,1,00  ,00:00:04:891,
659,Receive,,Ext / Data,0xAF87110,3,00  00  00  ,00:00:04:895,
660,Receive,,Ext / Data,0xEF81510,1,02  ,00:00:04:896,
661,Receive,,Ext / Data,0xEF82010,1,00  ,00:00:04:896,
662,Receive,,Ext / Data,0x12F84812,1,00  ,00:00:04:897,
663,Receive,,Ext / Data,0x12F87811,1,00  ,00:00:04:898,
664,Receive,,Ext / Data,0x12F81D10,5,00  00  00  00  01  ,00:00:04:905,
665,Receive,,Ext / Data,0x12F81E10,5,00  00  00  00  01  ,00:00:04:906,
666,Receive,,Ext / Data,0x12F83010,1,80  ,00:00:04:907,
667,Receive,,Ext / Data,0x12F85050,5,00  03  10  00  00  ,00:00:04:909,
668,Receive,,Ext / Data,0x12F84010,1,00  ,00:00:04:915,
669,Receive,,Ext / Data,0x12F8B0A2,1,00  ,00:00:04:919,
670,Receive,,Ext / Data,0x16F97550,8,FF  E0  00  00  00  00  00  00  ,00:00:04:929,
671,Receive,,Ext / Data,0x12F85C50,1,00  ,00:00:04:929,
672,Receive,,Ext / Data,0x16F86250,8,00  00  00  00  04  00  00  00  ,00:00:04:931,
673,Receive,,Ext / Data,0x16F86C50,8,04  47  36  AF  1F  C7  D9  00  ,00:00:04:939,
674,Receive,,Ext / Data,0x1610FF50,0,,00:00:04:947,
675,Receive,,Ext / Data,0x16F83D33,1,00  ,00:00:04:950,
676,Receive,,Ext / Data,0xEF87310,4,D8  01  01  80  ,00:00:04:954,
677,Receive,,Ext / Data,0x16F86D50,8,0A  C1  56  13  1F  40  00  00  ,00:00:04:978,
678,Receive,,Ext / Data,0xEF83633,2,00  00  ,00:00:05:001,
679,Receive,,Ext / Data,0x12F85050,5,00  03  0F  00  00  ,00:00:05:008,
680,Receive,,Ext / Data,0x12F81010,4,28  00  80  00  ,00:00:05:014,
681,Receive,,Ext / Data,0xEF95251,8,01  C4  C4  F0  00  C0  C6  FE  ,00:00:05:027,
682,Receive,,Ext / Data,0xEF81496,1,00  ,00:00:05:034,
683,Receive,,Ext / Data,0xAF87010,2,02  00  ,00:00:05:043,
684,Receive,,Ext / Data,0xAF81111,2,01  00  ,00:00:05:046,
685,Receive,,Ext / Data,0xEF83F31,2,80  00  ,00:00:05:063,
686,Receive,,Ext / Data,0x12F85150,5,40  01  00  00  40  ,00:00:05:067,
687,Receive,,Ext / Data,0x12F85351,8,00  01  00  00  00  00  98  50  ,00:00:05:082,
688,Receive,,Ext / Data,0x12F85050,5,00  03  13  00  00  ,00:00:05:107,
689,Receive,,Ext / Data,0x16F83B31,1,00  ,00:00:05:137,
690,Receive,,Ext / Data,0x1610FF55,0,,00:00:05:156,
691,Receive,,Ext / Data,0x12F85450,2,16  36  ,00:00:05:166,
692,Receive,,Ext / Data,0x12F83496,1,20  ,00:00:05:180,
693,Receive,,Ext / Data,0x12F81C12,1,00  ,00:00:05:184,
694,Receive,,Ext / Data,0x12F84112,1,00  ,00:00:05:185,
695,Receive,,Ext / Data,0x12F84212,1,00  ,00:00:05:186,
696,Receive,,Ext / Data,0x12F84312,1,00  ,00:00:05:187,
697,Receive,,Ext / Data,0x12F84712,1,00  ,00:00:05:188,
698,Receive,,Ext / Data,0xAF87110,3,00  00  00  ,00:00:05:192,
699,Receive,,Ext / Data,0xEF81510,1,02  ,00:00:05:193,
700,Receive,,Ext / Data,0xEF82010,1,00  ,00:00:05:193,
701,Receive,,Ext / Data,0x12F84812,1,00  ,00:00:05:194,
702,Receive,,Ext / Data,0x12F87811,1,00  ,00:00:05:195,
703,Receive,,Ext / Data,0x12F81D10,5,00  00  00  00  01  ,00:00:05:202,
704,Receive,,Ext / Data,0x12F81E10,5,00  00  00  00  01  ,00:00:05:203,
705,Receive,,Ext / Data,0x12F83010,1,80  ,00:00:05:204,
706,Receive,,Ext / Data,0x12F85050,5,00  03  14  00  00  ,00:00:05:206,
707,Receive,,Ext / Data,0x12F84010,1,00  ,00:00:05:212,
708,Receive,,Ext / Data,0x1610FF11,0,,00:00:05:214,
709,Receive,,Ext / Data,0x1610FF96,0,,00:00:05:223,
710,Receive,,Ext / Data,0x16F97550,8,FF  E0  00  00  00  00  00  00  ,00:00:05:226,
711,Receive,,Ext / Data,0x12F85C50,1,00  ,00:00:05:227,
712,Receive,,Ext / Data,0x16F86250,8,01  35  46  4E  52  4C  35  00  ,00:00:05:228,
713,Receive,,Ext / Data,0x16F86C50,8,04  47  36  AF  1F  C7  D9  00  ,00:00:05:236,
714,Receive,,Ext / Data,0x16F83E34,1,00  ,00:00:05:236,
715,Receive,,Ext / Data,0x1610FF10,0,,00:00:05:241,
716,Receive,,Ext / Data,0x1610FF33,0,,00:00:05:243,
717,Receive,,Ext / Data,0x1610FF12,0,,00:00:05:244,
718,Receive,,Ext / Data,0x1610FF34,0,,00:00:05:244,
719,Receive,,Ext / Data,0x16F83D33,1,00  ,00:00:05:247,
720,Receive,,Ext / Data,0xEF87310,4,D8  01  01  80  ,00:00:05:251,
721,Receive,,Ext / Data,0x16F86D50,8,0A  C1  56  13  1F  40  00  00  ,00:00:05:275,
