0,Receive,,Ext / Data,0x16F86D50,8,0A  C1  56  13  1F  40  00  00  ,00:00:00:031,
1,Receive,,Ext / Data,0xAF81111,2,08  00  ,00:00:00:042,
2,Receive,,Ext / Data,0xEF83F31,2,80  00  ,00:00:00:046,
3,Receive,,Ext / Data,0x16F86C50,8,04  47  36  AF  1F  C7  D9  00  ,00:00:00:051,
4,Receive,,Ext / Data,0x12F85050,5,00  03  78  00  00  ,00:00:00:110,
5,Receive,,Ext / Data,0x16F83B31,1,00  ,00:00:00:134,
6,Receive,,Ext / Data,0x12F81C12,1,00  ,00:00:00:138,
7,Receive,,Ext / Data,0x12F84112,1,00  ,00:00:00:139,
8,Receive,,Ext / Data,0x12F84212,1,00  ,00:00:00:140,
9,Receive,,Ext / Data,0x12F87811,1,00  ,00:00:00:141,
10,Receive,,Ext / Data,0x12F84312,1,00  ,00:00:00:142,
11,Receive,,Ext / Data,0x12F84712,1,00  ,00:00:00:142,
12,Receive,,Ext / Data,0xAF87110,3,00  00  00  ,00:00:00:147,
13,Receive,,Ext / Data,0xEF81510,1,02  ,00:00:00:148,
14,Receive,,Ext / Data,0x12F84812,1,00  ,00:00:00:148,
15,Receive,,Ext / Data,0xEF82010,1,00  ,00:00:00:149,
16,Receive,,Ext / Data,0xEF83633,2,00  00  ,00:00:00:153,
17,Receive,,Ext / Data,0xAF87010,2,00  00  ,00:00:00:157,
18,Receive,,Ext / Data,0xEF81496,1,00  ,00:00:00:158,
19,Receive,,Ext / Data,0x12F81010,4,28  00  80  00  ,00:00:00:158,
20,Receive,,Ext / Data,0x12F81D10,5,00  00  00  00  01  ,00:00:00:159,
21,Receive,,Ext / Data,0x12F81E10,5,00  00  00  00  01  ,00:00:00:160,
22,Receive,,Ext / Data,0x12F83010,1,80  ,00:00:00:161,
23,Receive,,Ext / Data,0xEF95251,8,01  C4  C4  F0  00  C0  C6  FE  ,00:00:00:166,
24,Receive,,Ext / Data,0x12F84010,1,00  ,00:00:00:167,
25,Receive,,Ext / Data,0x16F97550,8,FF  E0  00  00  00  00  00  00  ,00:00:00:180,
26,Receive,,Ext / Data,0x12F85150,5,40  01  00  00  40  ,00:00:00:181,
27,Receive,,Ext / Data,0x12F85C50,1,00  ,00:00:00:181,
28,Receive,,Ext / Data,0x16F86250,8,01  35  46  4E  52  4C  35  00  ,00:00:00:182,
29,Receive,,Ext / Data,0x12F85050,5,00  03  71  00  00  ,00:00:00:209,
30,Receive,,Ext / Data,0x12F85450,2,16  36  ,00:00:00:210,
31,Receive,,Ext / Data,0x12F85250,4,59  00  C9  85  ,00:00:00:211,
32,Receive,,Ext / Data,0x1610FF51,0,,00:00:00:218,
33,Receive,,Ext / Data,0x12F85351,8,00  01  00  00  00  00  97  90  ,00:00:00:219,
34,Receive,,Ext / Data,0x16F83D33,1,00  ,00:00:00:255,
35,Receive,,Ext / Data,0x12F8B0A2,1,00  ,00:00:00:262,
36,Receive,,Ext / Data,0xEF87310,4,D8  02  02  40  ,00:00:00:266,
37,Receive,,Ext / Data,0x12F83496,1,20  ,00:00:00:287,
38,Receive,,Ext / Data,0x12F85050,5,00  03  74  00  00  ,00:00:00:308,
39,Receive,,Ext / Data,0x16F86D50,8,0A  C1  56  13  1F  40  00  00  ,00:00:00:328,
40,Receive,,Ext / Data,0xAF81111,2,08  00  ,00:00:00:339,
41,Receive,,Ext / Data,0xEF83F31,2,80  00  ,00:00:00:347,
42,Receive,,Ext / Data,0x16F86C50,8,04  47  36  AF  1F  C7  D9  00  ,00:00:00:349,
43,Receive,,Ext / Data,0x12F85050,5,00  03  75  00  00  ,00:00:00:408,
44,Receive,,Ext / Data,0x1610FF11,0,,00:00:00:428,
45,Receive,,Ext / Data,0x1610FF96,0,,00:00:00:435,
46,Receive,,Ext / Data,0x12F81C12,1,00  ,00:00:00:435,
47,Receive,,Ext / Data,0x12F84112,1,00  ,00:00:00:436,
48,Receive,,Ext / Data,0x16F83B31,1,00  ,00:00:00:437,
49,Receive,,Ext / Data,0x12F84212,1,00  ,00:00:00:438,
50,Receive,,Ext / Data,0x12F87811,1,00  ,00:00:00:438,
51,Receive,,Ext / Data,0x12F84312,1,00  ,00:00:00:439,
52,Receive,,Ext / Data,0x12F84712,1,00  ,00:00:00:440,
53,Receive,,Ext / Data,0xAF87110,3,00  00  00  ,00:00:00:444,
54,Receive,,Ext / Data,0xEF81510,1,02  ,00:00:00:445,
55,Receive,,Ext / Data,0x12F84812,1,00  ,00:00:00:446,
56,Receive,,Ext / Data,0xEF82010,1,00  ,00:00:00:446,
57,Receive,,Ext / Data,0xEF83633,2,00  00  ,00:00:00:450,
58,Receive,,Ext / Data,0x1610FF10,0,,00:00:00:454,
59,Receive,,Ext / Data,0xAF87010,2,00  00  ,00:00:00:455,
60,Receive,,Ext / Data,0x1610FF12,0,,00:00:00:455,
61,Receive,,Ext / Data,0x12F81010,4,28  00  80  00  ,00:00:00:456,
62,Receive,,Ext / Data,0x12F81D10,5,00  00  00  00  01  ,00:00:00:457,
63,Receive,,Ext / Data,0xEF81496,1,00  ,00:00:00:458,
64,Receive,,Ext / Data,0x12F81E10,5,00  00  00  00  01  ,00:00:00:459,
65,Receive,,Ext / Data,0x1610FF33,0,,00:00:00:459,
66,Receive,,Ext / Data,0x12F83010,1,80  ,00:00:00:460,
67,Receive,,Ext / Data,0x1610FF50,0,,00:00:00:461,
68,Receive,,Ext / Data,0x12F84010,1,00  ,00:00:00:464,
69,Receive,,Ext / Data,0xEF95251,8,01  C4  C4  F0  00  C0  C6  FE  ,00:00:00:465,
70,Receive,,Ext / Data,0x1610FF34,0,,00:00:00:466,
71,Receive,,Ext / Data,0x16F83E34,1,00  ,00:00:00:472,
72,Receive,,Ext / Data,0x16F97550,8,FF  E0  00  00  00  00  00  00  ,00:00:00:477,
73,Receive,,Ext / Data,0x12F85150,5,40  01  00  00  40  ,00:00:00:478,
74,Receive,,Ext / Data,0x12F85C50,1,00  ,00:00:00:478,
75,Receive,,Ext / Data,0x16F86250,8,02  48  36  36  43  42  30  00  ,00:00:00:480,
76,Receive,,Ext / Data,0x12F85050,5,00  03  78  00  00  ,00:00:00:507,
77,Receive,,Ext / Data,0x12F85450,2,16  36  ,00:00:00:507,
78,Receive,,Ext / Data,0x1610FF55,0,,00:00:00:508,
79,Receive,,Ext / Data,0x12F85351,8,00  01  00  00  00  00  97  90  ,00:00:00:518,
80,Receive,,Ext / Data,0x1610FF31,0,,00:00:00:521,
81,Receive,,Ext / Data,0x12F82296,1,80  ,00:00:00:522,
82,Receive,,Ext / Data,0x16F83D33,1,00  ,00:00:00:552,
83,Receive,,Ext / Data,0xEF87310,4,D8  02  02  40  ,00:00:00:563,
84,Receive,,Ext / Data,0x12F83496,1,20  ,00:00:00:587,
85,Receive,,Ext / Data,0x12F85050,5,00  03  7B  00  00  ,00:00:00:605,
86,Receive,,Ext / Data,0x16F86D50,8,0A  C1  56  13  1F  40  00  00  ,00:00:00:625,
87,Receive,,Ext / Data,0xAF81111,2,08  00  ,00:00:00:636,
88,Receive,,Ext / Data,0x1610FFA2,0,,00:00:00:643,
89,Receive,,Ext / Data,0x16F86C50,8,04  47  36  AF  1F  C7  D9  00  ,00:00:00:645,
90,Receive,,Ext / Data,0xEF83F31,2,80  00  ,00:00:00:649,
91,Receive,,Ext / Data,0x12F85050,5,00  03  83  00  00  ,00:00:00:705,
92,Receive,,Ext / Data,0x12F81C12,1,00  ,00:00:00:732,
93,Receive,,Ext / Data,0x12F84112,1,00  ,00:00:00:733,
94,Receive,,Ext / Data,0x12F84212,1,00  ,00:00:00:734,
95,Receive,,Ext / Data,0x12F87811,1,00  ,00:00:00:735,
96,Receive,,Ext / Data,0x12F84312,1,00  ,00:00:00:736,
97,Receive,,Ext / Data,0x12F84712,1,00  ,00:00:00:736,
98,Receive,,Ext / Data,0x16F83B31,1,00  ,00:00:00:739,
99,Receive,,Ext / Data,0xAF87110,3,00  00  00  ,00:00:00:741,
100,Receive,,Ext / Data,0xEF81510,1,02  ,00:00:00:742,
101,Receive,,Ext / Data,0x12F84812,1,00  ,00:00:00:743,
102,Receive,,Ext / Data,0xEF82010,1,00  ,00:00:00:743,
103,Receive,,Ext / Data,0xEF83633,2,00  00  ,00:00:00:746,
104,Receive,,Ext / Data,0xAF87010,2,00  00  ,00:00:00:751,
105,Receive,,Ext / Data,0x12F81010,4,28  00  80  00  ,00:00:00:752,
106,Receive,,Ext / Data,0x12F81D10,5,00  00  00  00  01  ,00:00:00:753,
107,Receive,,Ext / Data,0x12F81E10,5,00  00  00  00  01  ,00:00:00:754,
108,Receive,,Ext / Data,0x12F83010,1,80  ,00:00:00:755,
109,Receive,,Ext / Data,0xEF81496,1,00  ,00:00:00:757,
110,Receive,,Ext / Data,0x12F84010,1,00  ,00:00:00:761,
111,Receive,,Ext / Data,0xEF95251,8,01  C4  C4  F0  00  C0  C6  FE  ,00:00:00:764,
112,Receive,,Ext / Data,0x16F97550,8,FF  E0  00  00  00  00  00  00  ,00:00:00:774,
113,Receive,,Ext / Data,0x12F85150,5,40  01  00  00  40  ,00:00:00:775,
114,Receive,,Ext / Data,0x12F85C50,1,00  ,00:00:00:776,
115,Receive,,Ext / Data,0x16F86250,8,03  30  31  37  35  39  00  00  ,00:00:00:777,
116,Receive,,Ext / Data,0x12F85050,5,00  03  7D  00  00  ,00:00:00:804,
117,Receive,,Ext / Data,0x12F85450,2,16  36  ,00:00:00:804,
118,Receive,,Ext / Data,0x12F85351,8,00  01  00  00  00  00  97  90  ,00:00:00:817,
119,Receive,,Ext / Data,0x16F83D33,1,00  ,00:00:00:849,
120,Receive,,Ext / Data,0xEF87310,4,D8  02  02  40  ,00:00:00:860,
121,Receive,,Ext / Data,0x12F83496,1,20  ,00:00:00:886,
122,Receive,,Ext / Data,0x12F85050,5,00  03  75  00  00  ,00:00:00:902,
123,Receive,,Ext / Data,0x16F86D50,8,0A  C1  56  13  1F  40  00  00  ,00:00:00:922,
124,Receive,,Ext / Data,0x12F95555,2,80  30  ,00:00:00:931,
125,Receive,,Ext / Data,0xAF81111,2,08  00  ,00:00:00:933,
126,Receive,,Ext / Data,0x16F86C50,8,04  47  36  AF  1F  C7  D9  00  ,00:00:00:942,
127,Receive,,Ext / Data,0xEF83F31,2,80  00  ,00:00:00:951,
128,Receive,,Ext / Data,0x12F85050,5,00  03  78  00  00  ,00:00:01:001,
129,Receive,,Ext / Data,0x12F81C12,1,00  ,00:00:01:030,
130,Receive,,Ext / Data,0x12F84112,1,00  ,00:00:01:031,
131,Receive,,Ext / Data,0x12F84212,1,00  ,00:00:01:032,
132,Receive,,Ext / Data,0x12F87811,1,00  ,00:00:01:032,
133,Receive,,Ext / Data,0x12F84312,1,00  ,00:00:01:033,
134,Receive,,Ext / Data,0x12F84712,1,00  ,00:00:01:034,
135,Receive,,Ext / Data,0xAF87110,3,00  00  00  ,00:00:01:038,
136,Receive,,Ext / Data,0xEF81510,1,02  ,00:00:01:039,
137,Receive,,Ext / Data,0x12F84812,1,00  ,00:00:01:040,
138,Receive,,Ext / Data,0xEF82010,1,00  ,00:00:01:040,
139,Receive,,Ext / Data,0x16F83B31,1,00  ,00:00:01:041,
140,Receive,,Ext / Data,0xEF83633,2,00  00  ,00:00:01:043,
141,Receive,,Ext / Data,0xAF87010,2,00  00  ,00:00:01:048,
142,Receive,,Ext / Data,0x12F81010,4,28  00  80  00  ,00:00:01:049,
143,Receive,,Ext / Data,0x12F81D10,5,00  00  00  00  01  ,00:00:01:050,
144,Receive,,Ext / Data,0x12F81E10,5,00  00  00  00  01  ,00:00:01:051,
145,Receive,,Ext / Data,0x12F83010,1,80  ,00:00:01:052,
146,Receive,,Ext / Data,0xEF81496,1,00  ,00:00:01:056,
147,Receive,,Ext / Data,0x12F84010,1,00  ,00:00:01:058,
148,Receive,,Ext / Data,0xEF95251,8,01  C4  C4  F0  00  C0  C6  FE  ,00:00:01:063,
149,Receive,,Ext / Data,0x16F97550,8,FF  E0  00  00  00  00  00  00  ,00:00:01:071,
150,Receive,,Ext / Data,0x12F85150,5,40  01  00  00  40  ,00:00:01:072,
151,Receive,,Ext / Data,0x12F85C50,1,00  ,00:00:01:072,
152,Receive,,Ext / Data,0x16F86250,8,00  00  00  00  04  00  00  00  ,00:00:01:074,
153,Receive,,Ext / Data,0x12F85050,5,00  03  77  00  00  ,00:00:01:100,
154,Receive,,Ext / Data,0x12F85450,2,16  36  ,00:00:01:101,
155,Receive,,Ext / Data,0x12F85351,8,00  01  00  00  00  00  97  90  ,00:00:01:116,
156,Receive,,Ext / Data,0x16F83D33,1,00  ,00:00:01:146,
157,Receive,,Ext / Data,0xEF87310,4,D8  02  02  40  ,00:00:01:157,
158,Receive,,Ext / Data,0x12F83496,1,20  ,00:00:01:186,
159,Receive,,Ext / Data,0x12F85050,5,00  03  7D  00  00  ,00:00:01:199,
160,Receive,,Ext / Data,0x12F85250,4,59  00  C9  85  ,00:00:01:200,
161,Receive,,Ext / Data,0x1610FF51,0,,00:00:01:209,
162,Receive,,Ext / Data,0x16F86D50,8,0A  C1  56  13  1F  40  00  00  ,00:00:01:219,
163,Receive,,Ext / Data,0xAF81111,2,08  00  ,00:00:01:230,
164,Receive,,Ext / Data,0x16F86C50,8,04  47  36  AF  1F  C7  D9  00  ,00:00:01:239,
165,Receive,,Ext / Data,0xEF83F31,2,80  00  ,00:00:01:253,
166,Receive,,Ext / Data,0x12F8B0A2,1,00  ,00:00:01:256,
167,Receive,,Ext / Data,0x12F85050,5,00  03  78  00  00  ,00:00:01:298,
168,Receive,,Ext / Data,0x12F81C12,1,00  ,00:00:01:327,
169,Receive,,Ext / Data,0x12F84112,1,00  ,00:00:01:328,
170,Receive,,Ext / Data,0x12F84212,1,00  ,00:00:01:329,
171,Receive,,Ext / Data,0x12F87811,1,00  ,00:00:01:329,
172,Receive,,Ext / Data,0x12F84312,1,00  ,00:00:01:330,
173,Receive,,Ext / Data,0x12F84712,1,00  ,00:00:01:331,
174,Receive,,Ext / Data,0xAF87110,3,00  00  00  ,00:00:01:335,
175,Receive,,Ext / Data,0xEF81510,1,02  ,00:00:01:336,
176,Receive,,Ext / Data,0x12F84812,1,00  ,00:00:01:337,
177,Receive,,Ext / Data,0xEF82010,1,00  ,00:00:01:337,
178,Receive,,Ext / Data,0xEF83633,2,00  00  ,00:00:01:340,
179,Receive,,Ext / Data,0x16F83B31,1,00  ,00:00:01:342,
180,Receive,,Ext / Data,0xAF87010,2,00  00  ,00:00:01:345,
181,Receive,,Ext / Data,0x12F81010,4,28  00  80  00  ,00:00:01:346,
182,Receive,,Ext / Data,0x12F81D10,5,00  00  00  00  01  ,00:00:01:347,
183,Receive,,Ext / Data,0x12F81E10,5,00  00  00  00  01  ,00:00:01:348,
184,Receive,,Ext / Data,0x12F83010,1,80  ,00:00:01:349,
185,Receive,,Ext / Data,0x12F84010,1,00  ,00:00:01:355,
186,Receive,,Ext / Data,0xEF81496,1,00  ,00:00:01:356,
187,Receive,,Ext / Data,0xEF95251,8,01  C4  C4  F0  00  C0  C6  FE  ,00:00:01:362,
188,Receive,,Ext / Data,0x16F97550,8,FF  E0  00  00  00  00  00  00  ,00:00:01:368,
189,Receive,,Ext / Data,0x12F85150,5,40  01  00  00  40  ,00:00:01:369,
190,Receive,,Ext / Data,0x12F85C50,1,00  ,00:00:01:370,
191,Receive,,Ext / Data,0x16F86250,8,01  35  46  4E  52  4C  35  00  ,00:00:01:371,
192,Receive,,Ext / Data,0x12F85050,5,00  03  79  00  00  ,00:00:01:397,
193,Receive,,Ext / Data,0x12F85450,2,16  36  ,00:00:01:398,
194,Receive,,Ext / Data,0x12F85351,8,00  01  00  00  00  00  97  90  ,00:00:01:416,
195,Receive,,Ext / Data,0x1610FF11,0,,00:00:01:418,
196,Receive,,Ext / Data,0x1610FF96,0,,00:00:01:425,
197,Receive,,Ext / Data,0x16F83D33,1,00  ,00:00:01:444,
198,Receive,,Ext / Data,0x1610FF10,0,,00:00:01:444,
199,Receive,,Ext / Data,0x1610FF12,0,,00:00:01:445,
200,Receive,,Ext / Data,0x1610FF33,0,,00:00:01:449,
201,Receive,,Ext / Data,0xEF87310,4,D8  02  02  40  ,00:00:01:454,
202,Receive,,Ext / Data,0x1610FF50,0,,00:00:01:455,
203,Receive,,Ext / Data,0x1610FF34,0,,00:00:01:455,
204,Receive,,Ext / Data,0x16F83E34,1,00  ,00:00:01:464,
205,Receive,,Ext / Data,0x12F83496,1,20  ,00:00:01:486,
206,Receive,,Ext / Data,0x12F85050,5,00  03  76  00  00  ,00:00:01:496,
207,Receive,,Ext / Data,0x1610FF55,0,,00:00:01:502,
208,Receive,,Ext / Data,0x12F82296,1,80  ,00:00:01:510,
209,Receive,,Ext / Data,0x1610FF31,0,,00:00:01:516,
210,Receive,,Ext / Data,0x16F86D50,8,0A  C1  56  13  1F  40  00  00  ,00:00:01:517,
211,Receive,,Ext / Data,0xAF81111,2,08  00  ,00:00:01:527,
212,Receive,,Ext / Data,0x16F86C50,8,04  47  36  AF  1F  C7  D9  00  ,00:00:01:536,
213,Receive,,Ext / Data,0xEF83F31,2,80  00  ,00:00:01:555,
214,Receive,,Ext / Data,0x12F85050,5,00  03  70  00  00  ,00:00:01:596,
215,Receive,,Ext / Data,0x12F81C12,1,00  ,00:00:01:624,
216,Receive,,Ext / Data,0x12F84112,1,00  ,00:00:01:625,
217,Receive,,Ext / Data,0x12F84212,1,00  ,00:00:01:626,
218,Receive,,Ext / Data,0x12F87811,1,00  ,00:00:01:626,
219,Receive,,Ext / Data,0x12F84312,1,00  ,00:00:01:627,
220,Receive,,Ext / Data,0x12F84712,1,00  ,00:00:01:628,
221,Receive,,Ext / Data,0xAF87110,3,00  00  00  ,00:00:01:632,
222,Receive,,Ext / Data,0xEF81510,1,02  ,00:00:01:633,
223,Receive,,Ext / Data,0x12F84812,1,00  ,00:00:01:634,
224,Receive,,Ext / Data,0xEF82010,1,00  ,00:00:01:634,
225,Receive,,Ext / Data,0x1610FFA2,0,,00:00:01:637,
226,Receive,,Ext / Data,0xEF83633,2,00  00  ,00:00:01:638,
227,Receive,,Ext / Data,0xAF87010,2,00  00  ,00:00:01:642,
228,Receive,,Ext / Data,0x12F81010,4,28  00  80  00  ,00:00:01:643,
229,Receive,,Ext / Data,0x12F81D10,5,00  00  00  00  01  ,00:00:01:644,
230,Receive,,Ext / Data,0x16F83B31,1,00  ,00:00:01:645,
231,Receive,,Ext / Data,0x12F81E10,5,00  00  00  00  01  ,00:00:01:646,
232,Receive,,Ext / Data,0x12F83010,1,80  ,00:00:01:646,
233,Receive,,Ext / Data,0x12F84010,1,00  ,00:00:01:652,
234,Receive,,Ext / Data,0xEF81496,1,00  ,00:00:01:656,
235,Receive,,Ext / Data,0xEF95251,8,01  C4  C4  F0  00  C0  C6  FE  ,00:00:01:661,
236,Receive,,Ext / Data,0x16F97550,8,FF  E0  00  00  00  00  00  00  ,00:00:01:665,
237,Receive,,Ext / Data,0x12F85150,5,40  01  00  00  40  ,00:00:01:666,
238,Receive,,Ext / Data,0x12F85C50,1,00  ,00:00:01:667,
239,Receive,,Ext / Data,0x16F86250,8,02  48  36  36  43  42  30  00  ,00:00:01:668,
240,Receive,,Ext / Data,0x12F85050,5,00  03  7B  00  00  ,00:00:01:695,
241,Receive,,Ext / Data,0x12F85450,2,16  36  ,00:00:01:695,
242,Receive,,Ext / Data,0x12F85351,8,00  01  00  00  00  00  97  D0  ,00:00:01:715,
243,Receive,,Ext / Data,0x16F83D33,1,00  ,00:00:01:739,
244,Receive,,Ext / Data,0xEF87310,4,D8  02  02  40  ,00:00:01:751,
245,Receive,,Ext / Data,0x12F83496,1,20  ,00:00:01:786,
246,Receive,,Ext / Data,0x12F85050,5,00  03  86  00  00  ,00:00:01:793,
247,Receive,,Ext / Data,0x16F86D50,8,0A  C1  56  13  1F  40  00  00  ,00:00:01:814,
248,Receive,,Ext / Data,0xAF81111,2,08  00  ,00:00:01:824,
249,Receive,,Ext / Data,0x16F86C50,8,04  47  36  AF  1F  C7  D9  00  ,00:00:01:833,
250,Receive,,Ext / Data,0xEF83F31,2,80  00  ,00:00:01:857,
251,Receive,,Ext / Data,0x12F85050,5,00  03  85  00  00  ,00:00:01:893,
252,Receive,,Ext / Data,0x12F81C12,1,00  ,00:00:01:921,
253,Receive,,Ext / Data,0x12F95555,2,80  30  ,00:00:01:922,
254,Receive,,Ext / Data,0x12F84112,1,00  ,00:00:01:922,
255,Receive,,Ext / Data,0x12F87811,1,00  ,00:00:01:923,
256,Receive,,Ext / Data,0x12F84212,1,00  ,00:00:01:924,
257,Receive,,Ext / Data,0x12F84312,1,00  ,00:00:01:925,
258,Receive,,Ext / Data,0x12F84712,1,00  ,00:00:01:926,
259,Receive,,Ext / Data,0xAF87110,3,00  00  00  ,00:00:01:929,
260,Receive,,Ext / Data,0xEF81510,1,02  ,00:00:01:930,
261,Receive,,Ext / Data,0x12F84812,1,00  ,00:00:01:931,
262,Receive,,Ext / Data,0xEF82010,1,00  ,00:00:01:931,
263,Receive,,Ext / Data,0xEF83633,2,00  00  ,00:00:01:935,
264,Receive,,Ext / Data,0xAF87010,2,00  00  ,00:00:01:939,
265,Receive,,Ext / Data,0x12F81010,4,28  00  80  00  ,00:00:01:940,
266,Receive,,Ext / Data,0x12F81D10,5,00  00  00  00  01  ,00:00:01:941,
267,Receive,,Ext / Data,0x12F81E10,5,00  00  00  00  01  ,00:00:01:942,
268,Receive,,Ext / Data,0x12F83010,1,80  ,00:00:01:943,
269,Receive,,Ext / Data,0x16F83B31,1,00  ,00:00:01:946,
270,Receive,,Ext / Data,0x12F84010,1,00  ,00:00:01:949,
271,Receive,,Ext / Data,0xEF81496,1,00  ,00:00:01:956,
272,Receive,,Ext / Data,0xEF95251,8,01  C4  C4  F0  00  C0  C6  FE  ,00:00:01:960,
273,Receive,,Ext / Data,0x16F97550,8,FF  E0  00  00  00  00  00  00  ,00:00:01:962,
274,Receive,,Ext / Data,0x12F85150,5,40  01  00  00  40  ,00:00:01:963,
275,Receive,,Ext / Data,0x12F85C50,1,00  ,00:00:01:964,
276,Receive,,Ext / Data,0x16F86250,8,03  30  31  37  35  39  00  00  ,00:00:01:965,
277,Receive,,Ext / Data,0x12F85050,5,00  03  7C  00  00  ,00:00:01:992,
278,Receive,,Ext / Data,0x12F85450,2,16  36  ,00:00:01:992,
279,Receive,,Ext / Data,0x12F85351,8,00  01  00  00  00  00  97  90  ,00:00:02:014,
280,Receive,,Ext / Data,0x16F83D33,1,00  ,00:00:02:036,
281,Receive,,Ext / Data,0xEF87310,4,D8  02  02  40  ,00:00:02:048,
282,Receive,,Ext / Data,0x12F83496,1,20  ,00:00:02:085,
283,Receive,,Ext / Data,0x12F85050,5,00  03  6D  00  00  ,00:00:02:091,
284,Receive,,Ext / Data,0x16F86D50,8,0A  C1  56  13  1F  40  00  00  ,00:00:02:110,
285,Receive,,Ext / Data,0xAF81111,2,08  00  ,00:00:02:121,
286,Receive,,Ext / Data,0x16F86C50,8,04  47  36  AF  1F  C7  D9  00  ,00:00:02:130,
287,Receive,,Ext / Data,0xEF83F31,2,80  00  ,00:00:02:159,
288,Receive,,Ext / Data,0x12F85050,5,00  03  6C  00  00  ,00:00:02:190,
289,Receive,,Ext / Data,0x12F85250,4,59  00  C9  85  ,00:00:02:190,
290,Receive,,Ext / Data,0x1610FF51,0,,00:00:02:200,
291,Receive,,Ext / Data,0x12F81C12,1,00  ,00:00:02:218,
292,Receive,,Ext / Data,0x12F84112,1,00  ,00:00:02:219,
293,Receive,,Ext / Data,0x12F84212,1,00  ,00:00:02:220,
294,Receive,,Ext / Data,0x12F87811,1,00  ,00:00:02:220,
295,Receive,,Ext / Data,0x12F84312,1,00  ,00:00:02:221,
296,Receive,,Ext / Data,0x12F84712,1,00  ,00:00:02:222,
297,Receive,,Ext / Data,0xAF87110,3,00  00  00  ,00:00:02:227,
298,Receive,,Ext / Data,0xEF81510,1,02  ,00:00:02:227,
299,Receive,,Ext / Data,0x12F84812,1,00  ,00:00:02:228,
300,Receive,,Ext / Data,0xEF82010,1,00  ,00:00:02:228,
301,Receive,,Ext / Data,0xEF83633,2,00  00  ,00:00:02:232,
302,Receive,,Ext / Data,0xAF87010,2,00  00  ,00:00:02:236,
303,Receive,,Ext / Data,0x12F81010,4,28  00  80  00  ,00:00:02:237,
304,Receive,,Ext / Data,0x12F81D10,5,00  00  00  00  01  ,00:00:02:238,
305,Receive,,Ext / Data,0x12F81E10,5,00  00  00  00  01  ,00:00:02:239,
306,Receive,,Ext / Data,0x12F83010,1,80  ,00:00:02:240,
307,Receive,,Ext / Data,0x12F84010,1,00  ,00:00:02:246,
308,Receive,,Ext / Data,0x16F83B31,1,00  ,00:00:02:248,
309,Receive,,Ext / Data,0x12F8B0A2,1,00  ,00:00:02:251,
310,Receive,,Ext / Data,0xEF81496,1,00  ,00:00:02:255,
311,Receive,,Ext / Data,0x16F97550,8,FF  E0  00  00  00  00  00  00  ,00:00:02:259,
312,Receive,,Ext / Data,0xEF95251,8,01  C4  C4  F0  00  C0  C6  FE  ,00:00:02:260,
313,Receive,,Ext / Data,0x12F85C50,1,00  ,00:00:02:261,
314,Receive,,Ext / Data,0x12F85150,5,40  01  00  00  40  ,00:00:02:262,
315,Receive,,Ext / Data,0x16F86250,8,00  00  00  00  04  00  00  00  ,00:00:02:263,
316,Receive,,Ext / Data,0x12F85050,5,00  03  6E  00  00  ,00:00:02:289,
317,Receive,,Ext / Data,0x12F85450,2,16  36  ,00:00:02:289,
318,Receive,,Ext / Data,0x12F85351,8,00  01  00  00  00  00  97  90  ,00:00:02:313,
319,Receive,,Ext / Data,0x16F83D33,1,00  ,00:00:02:333,
320,Receive,,Ext / Data,0xEF87310,4,D8  02  02  40  ,00:00:02:345,
321,Receive,,Ext / Data,0x12F83496,1,20  ,00:00:02:385,
322,Receive,,Ext / Data,0x12F85050,5,00  03  76  00  00  ,00:00:02:388,
323,Receive,,Ext / Data,0x16F86D50,8,0A  C1  56  13  1F  40  00  00  ,00:00:02:408,
324,Receive,,Ext / Data,0x1610FF11,0,,00:00:02:408,
325,Receive,,Ext / Data,0x1610FF96,0,,00:00:02:415,
326,Receive,,Ext / Data,0xAF81111,2,08  00  ,00:00:02:418,
327,Receive,,Ext / Data,0x16F86C50,8,04  47  36  AF  1F  C7  D9  00  ,00:00:02:427,
328,Receive,,Ext / Data,0x1610FF10,0,,00:00:02:434,
329,Receive,,Ext / Data,0x1610FF12,0,,00:00:02:435,
330,Receive,,Ext / Data,0x1610FF33,0,,00:00:02:439,
331,Receive,,Ext / Data,0x1610FF34,0,,00:00:02:444,
332,Receive,,Ext / Data,0x1610FF50,0,,00:00:02:449,
333,Receive,,Ext / Data,0x16F83E34,1,00  ,00:00:02:453,
334,Receive,,Ext / Data,0xEF83F31,2,80  00  ,00:00:02:461,
335,Receive,,Ext / Data,0x12F85050,5,00  03  81  00  00  ,00:00:02:487,
336,Receive,,Ext / Data,0x1610FF55,0,,00:00:02:496,
337,Receive,,Ext / Data,0x12F82296,1,80  ,00:00:02:499,
338,Receive,,Ext / Data,0x1610FF31,0,,00:00:02:510,
339,Receive,,Ext / Data,0x12F81C12,1,00  ,00:00:02:515,
340,Receive,,Ext / Data,0x12F84112,1,00  ,00:00:02:516,
341,Receive,,Ext / Data,0x12F84212,1,00  ,00:00:02:517,
342,Receive,,Ext / Data,0x12F87811,1,00  ,00:00:02:517,
343,Receive,,Ext / Data,0x12F84312,1,00  ,00:00:02:518,
344,Receive,,Ext / Data,0x12F84712,1,00  ,00:00:02:519,
345,Receive,,Ext / Data,0xAF87110,3,00  00  00  ,00:00:02:524,
346,Receive,,Ext / Data,0xEF81510,1,02  ,00:00:02:524,
347,Receive,,Ext / Data,0x12F84812,1,00  ,00:00:02:525,
348,Receive,,Ext / Data,0xEF82010,1,00  ,00:00:02:526,
349,Receive,,Ext / Data,0xEF83633,2,00  00  ,00:00:02:529,
350,Receive,,Ext / Data,0xAF87010,2,00  00  ,00:00:02:533,
351,Receive,,Ext / Data,0x12F81010,4,28  00  80  00  ,00:00:02:534,
352,Receive,,Ext / Data,0x12F81D10,5,00  00  00  00  01  ,00:00:02:535,
353,Receive,,Ext / Data,0x12F81E10,5,00  00  00  00  01  ,00:00:02:536,
354,Receive,,Ext / Data,0x12F83010,1,80  ,00:00:02:537,
355,Receive,,Ext / Data,0x12F84010,1,00  ,00:00:02:543,
356,Receive,,Ext / Data,0x16F83B31,1,00  ,00:00:02:550,
357,Receive,,Ext / Data,0xEF81496,1,00  ,00:00:02:555,
358,Receive,,Ext / Data,0x16F97550,8,FF  E0  00  00  00  00  00  00  ,00:00:02:556,
359,Receive,,Ext / Data,0x12F85150,5,40  01  00  00  40  ,00:00:02:557,
360,Receive,,Ext / Data,0x12F85C50,1,00  ,00:00:02:558,
361,Receive,,Ext / Data,0x16F86250,8,01  35  46  4E  52  4C  35  00  ,00:00:02:559,
362,Receive,,Ext / Data,0xEF95251,8,01  C4  C4  F0  00  C0  C6  FE  ,00:00:02:560,
363,Receive,,Ext / Data,0x12F85050,5,00  03  84  00  00  ,00:00:02:586,
364,Receive,,Ext / Data,0x12F85450,2,16  36  ,00:00:02:586,
365,Receive,,Ext / Data,0x12F85351,8,00  01  00  00  00  00  97  90  ,00:00:02:612,
366,Receive,,Ext / Data,0x16F83D33,1,00  ,00:00:02:631,
367,Receive,,Ext / Data,0x1610FFA2,0,,00:00:02:632,
368,Receive,,Ext / Data,0xEF87310,4,D8  02  02  40  ,00:00:02:642,
369,Receive,,Ext / Data,0x12F85050,5,00  03  71  00  00  ,00:00:02:685,
370,Receive,,Ext / Data,0x12F83496,1,20  ,00:00:02:685,
371,Receive,,Ext / Data,0x16F86D50,8,0A  C1  56  13  1F  40  00  00  ,00:00:02:705,
372,Receive,,Ext / Data,0xAF81111,2,08  00  ,00:00:02:715,
373,Receive,,Ext / Data,0x16F86C50,8,04  47  36  AF  1F  C7  D9  00  ,00:00:02:724,
374,Receive,,Ext / Data,0xEF83F31,2,80  00  ,00:00:02:763,
375,Receive,,Ext / Data,0xAF87010,2,40  00  ,00:00:02:781,
376,Receive,,Ext / Data,0x12F85050,5,00  03  6E  00  00  ,00:00:02:784,
377,Receive,,Ext / Data,0xAF81111,2,48  48  ,00:00:02:784,
378,Receive,,Ext / Data,0x12F85450,2,55  36  ,00:00:02:803,
379,Receive,,Ext / Data,0x12F81C12,1,00  ,00:00:02:812,
380,Receive,,Ext / Data,0x12F84112,1,00  ,00:00:02:813,
381,Receive,,Ext / Data,0x12F84212,1,00  ,00:00:02:814,
382,Receive,,Ext / Data,0x12F87811,1,00  ,00:00:02:814,
383,Receive,,Ext / Data,0x12F84312,1,00  ,00:00:02:815,
384,Receive,,Ext / Data,0x12F84712,1,00  ,00:00:02:816,
385,Receive,,Ext / Data,0xAF87110,3,00  00  00  ,00:00:02:821,
386,Receive,,Ext / Data,0xEF81510,1,02  ,00:00:02:821,
387,Receive,,Ext / Data,0x12F84812,1,00  ,00:00:02:822,
388,Receive,,Ext / Data,0xEF82010,1,00  ,00:00:02:823,
389,Receive,,Ext / Data,0xEF83633,2,00  00  ,00:00:02:826,
390,Receive,,Ext / Data,0x12F81010,4,28  00  80  00  ,00:00:02:831,
391,Receive,,Ext / Data,0x12F81D10,5,00  00  00  00  01  ,00:00:02:832,
392,Receive,,Ext / Data,0x12F81E10,5,00  00  00  00  01  ,00:00:02:833,
393,Receive,,Ext / Data,0x12F83010,1,80  ,00:00:02:833,
394,Receive,,Ext / Data,0x12F84010,1,00  ,00:00:02:840,
395,Receive,,Ext / Data,0x16F83B31,1,00  ,00:00:02:852,
396,Receive,,Ext / Data,0x16F97550,8,FF  E0  00  00  00  00  00  00  ,00:00:02:853,
397,Receive,,Ext / Data,0x12F85150,5,40  01  00  00  40  ,00:00:02:854,
398,Receive,,Ext / Data,0xEF81496,1,00  ,00:00:02:855,
399,Receive,,Ext / Data,0x12F85C50,1,00  ,00:00:02:855,
400,Receive,,Ext / Data,0x16F86250,8,02  48  36  36  43  42  30  00  ,00:00:02:857,
401,Receive,,Ext / Data,0xEF95251,8,01  C4  C4  F0  00  C0  C6  FE  ,00:00:02:858,
402,Receive,,Ext / Data,0x12F85050,5,00  03  6A  00  00  ,00:00:02:883,
403,Receive,,Ext / Data,0x12F85351,8,00  01  00  00  00  00  97  90  ,00:00:02:911,
404,Receive,,Ext / Data,0x12F95555,2,80  30  ,00:00:02:912,
405,Receive,,Ext / Data,0x16F83D33,1,00  ,00:00:02:928,
406,Receive,,Ext / Data,0xEF87310,4,D8  02  02  40  ,00:00:02:939,
407,Receive,,Ext / Data,0x12F85050,5,00  03  78  00  00  ,00:00:02:982,
408,Receive,,Ext / Data,0x12F83496,1,20  ,00:00:02:984,
409,Receive,,Ext / Data,0x16F86D50,8,0A  C1  56  13  1F  40  00  00  ,00:00:03:002,
410,Receive,,Ext / Data,0x16F86C50,8,04  47  36  AF  1F  C7  D9  00  ,00:00:03:021,
411,Receive,,Ext / Data,0xEF83F31,2,80  00  ,00:00:03:065,
412,Receive,,Ext / Data,0xAF87010,2,40  00  ,00:00:03:078,
413,Receive,,Ext / Data,0x12F85050,5,00  03  6F  00  00  ,00:00:03:081,
414,Receive,,Ext / Data,0xAF81111,2,48  48  ,00:00:03:082,
415,Receive,,Ext / Data,0x12F85450,2,55  36  ,00:00:03:100,
416,Receive,,Ext / Data,0x12F81C12,1,00  ,00:00:03:109,
417,Receive,,Ext / Data,0x12F84112,1,00  ,00:00:03:110,
418,Receive,,Ext / Data,0x12F84212,1,00  ,00:00:03:111,
419,Receive,,Ext / Data,0x12F87811,1,00  ,00:00:03:111,
420,Receive,,Ext / Data,0x12F84312,1,00  ,00:00:03:112,
421,Receive,,Ext / Data,0x12F84712,1,00  ,00:00:03:113,
422,Receive,,Ext / Data,0xAF87110,3,00  00  00  ,00:00:03:118,
423,Receive,,Ext / Data,0xEF81510,1,02  ,00:00:03:118,
424,Receive,,Ext / Data,0x12F84812,1,00  ,00:00:03:119,
425,Receive,,Ext / Data,0xEF82010,1,00  ,00:00:03:120,
426,Receive,,Ext / Data,0xEF83633,2,00  00  ,00:00:03:123,
427,Receive,,Ext / Data,0x12F81010,4,28  00  80  00  ,00:00:03:128,
428,Receive,,Ext / Data,0x12F81D10,5,00  00  00  00  01  ,00:00:03:129,
429,Receive,,Ext / Data,0x12F81E10,5,00  00  00  00  01  ,00:00:03:130,
430,Receive,,Ext / Data,0x12F83010,1,80  ,00:00:03:130,
431,Receive,,Ext / Data,0x12F84010,1,00  ,00:00:03:137,
432,Receive,,Ext / Data,0x16F97550,8,FF  E0  00  00  00  00  00  00  ,00:00:03:150,
433,Receive,,Ext / Data,0x12F85150,5,40  01  00  00  40  ,00:00:03:151,
434,Receive,,Ext / Data,0x12F85C50,1,00  ,00:00:03:152,
435,Receive,,Ext / Data,0x16F86250,8,03  30  31  37  35  39  00  00  ,00:00:03:153,
436,Receive,,Ext / Data,0x16F83B31,1,00  ,00:00:03:154,
437,Receive,,Ext / Data,0xEF81496,1,00  ,00:00:03:155,
438,Receive,,Ext / Data,0xEF95251,8,01  C4  C4  F0  00  C0  C6  FE  ,00:00:03:157,
439,Receive,,Ext / Data,0x12F85050,5,00  03  75  00  00  ,00:00:03:180,
440,Receive,,Ext / Data,0x12F85250,4,59  00  C9  85  ,00:00:03:181,
441,Receive,,Ext / Data,0x1610FF51,0,,00:00:03:191,
442,Receive,,Ext / Data,0x12F85351,8,00  01  00  00  00  00  97  90  ,00:00:03:210,
443,Receive,,Ext / Data,0x16F83D33,1,00  ,00:00:03:225,
444,Receive,,Ext / Data,0xEF87310,4,D8  02  02  40  ,00:00:03:237,
445,Receive,,Ext / Data,0x12F8B0A2,1,00  ,00:00:03:245,
446,Receive,,Ext / Data,0x12F85050,5,00  03  6B  00  00  ,00:00:03:279,
447,Receive,,Ext / Data,0x12F83496,1,20  ,00:00:03:284,
448,Receive,,Ext / Data,0x16F86D50,8,0A  C1  56  13  1F  40  00  00  ,00:00:03:299,
449,Receive,,Ext / Data,0x16F86C50,8,04  47  36  AF  1F  C7  D9  00  ,00:00:03:319,
450,Receive,,Ext / Data,0xEF83F31,2,80  00  ,00:00:03:367,
451,Receive,,Ext / Data,0xAF87010,2,40  00  ,00:00:03:375,
452,Receive,,Ext / Data,0x12F85050,5,00  03  7A  00  00  ,00:00:03:378,
453,Receive,,Ext / Data,0xAF81111,2,48  48  ,00:00:03:379,
